INSERT INTO p_landlord (first_name, last_name, email, contact_no, address, city, country, state, zip_code) VALUES ('Jessica', 'Williams', 'jessica.williams1@example.com', '555-812-3676', '4998 Washington Blvd', 'San Diego', 'USA', 'CA', '90210');
INSERT INTO p_landlord (first_name, last_name, email, contact_no, address, city, country, state, zip_code) VALUES ('Charles', 'Hernandez', 'charles.hernandez2@example.com', '555-686-6760', '4479 Lake Rd', 'Philadelphia', 'USA', 'CA', '90210');
INSERT INTO p_landlord (first_name, last_name, email, contact_no, address, city, country, state, zip_code) VALUES ('James', 'Miller', 'james.miller3@example.com', '555-924-8563', '8735 Pine St', 'Dallas', 'USA', 'CA', '90210');
INSERT INTO p_landlord (first_name, last_name, email, contact_no, address, city, country, state, zip_code) VALUES ('Jessica', 'Gonzalez', 'jessica.gonzalez4@example.com', '555-696-3992', '5882 Park Ave', 'Chicago', 'USA', 'CA', '90210');
INSERT INTO p_landlord (first_name, last_name, email, contact_no, address, city, country, state, zip_code) VALUES ('Sarah', 'Jones', 'sarah.jones5@example.com', '555-117-7191', '9248 Hill St', 'San Jose', 'USA', 'CA', '90210');
INSERT INTO p_landlord (first_name, last_name, email, contact_no, address, city, country, state, zip_code) VALUES ('Jessica', 'Martin', 'jessica.martin6@example.com', '555-671-8255', '3904 Oak St', 'Houston', 'USA', 'CA', '90210');
INSERT INTO p_landlord (first_name, last_name, email, contact_no, address, city, country, state, zip_code) VALUES ('Karen', 'Brown', 'karen.brown7@example.com', '555-101-1121', '5016 Lake Rd', 'San Diego', 'USA', 'CA', '90210');
INSERT INTO p_landlord (first_name, last_name, email, contact_no, address, city, country, state, zip_code) VALUES ('Thomas', 'Taylor', 'thomas.taylor8@example.com', '555-206-7115', '423 Elm St', 'San Diego', 'USA', 'CA', '90210');
INSERT INTO p_landlord (first_name, last_name, email, contact_no, address, city, country, state, zip_code) VALUES ('Barbara', 'Martin', 'barbara.martin9@example.com', '555-928-9507', '8716 Washington Blvd', 'Los Angeles', 'USA', 'CA', '90210');
INSERT INTO p_landlord (first_name, last_name, email, contact_no, address, city, country, state, zip_code) VALUES ('James', 'Davis', 'james.davis10@example.com', '555-137-4688', '1190 Oak St', 'San Diego', 'USA', 'CA', '90210');
INSERT INTO p_landlord (first_name, last_name, email, contact_no, address, city, country, state, zip_code) VALUES ('Jennifer', 'Lopez', 'jennifer.lopez11@example.com', '555-829-4918', '3525 Main St', 'Philadelphia', 'USA', 'CA', '90210');
INSERT INTO p_landlord (first_name, last_name, email, contact_no, address, city, country, state, zip_code) VALUES ('James', 'Williams', 'james.williams12@example.com', '555-228-9483', '4738 Pine St', 'Dallas', 'USA', 'CA', '90210');
INSERT INTO p_landlord (first_name, last_name, email, contact_no, address, city, country, state, zip_code) VALUES ('Susan', 'Hernandez', 'susan.hernandez13@example.com', '555-545-6847', '9542 Oak St', 'Philadelphia', 'USA', 'CA', '90210');
INSERT INTO p_landlord (first_name, last_name, email, contact_no, address, city, country, state, zip_code) VALUES ('Thomas', 'Garcia', 'thomas.garcia14@example.com', '555-368-3879', '7298 Washington Blvd', 'San Jose', 'USA', 'CA', '90210');
INSERT INTO p_landlord (first_name, last_name, email, contact_no, address, city, country, state, zip_code) VALUES ('James', 'Hernandez', 'james.hernandez15@example.com', '555-428-2189', '1051 Oak St', 'Los Angeles', 'USA', 'CA', '90210');
INSERT INTO p_landlord (first_name, last_name, email, contact_no, address, city, country, state, zip_code) VALUES ('Sarah', 'Miller', 'sarah.miller16@example.com', '555-118-5438', '9514 Pine St', 'Dallas', 'USA', 'CA', '90210');
INSERT INTO p_landlord (first_name, last_name, email, contact_no, address, city, country, state, zip_code) VALUES ('Thomas', 'Martinez', 'thomas.martinez17@example.com', '555-388-1649', '3451 Cedar Ln', 'Dallas', 'USA', 'CA', '90210');
INSERT INTO p_landlord (first_name, last_name, email, contact_no, address, city, country, state, zip_code) VALUES ('Sarah', 'Jones', 'sarah.jones18@example.com', '555-346-6147', '1955 Elm St', 'Phoenix', 'USA', 'CA', '90210');
INSERT INTO p_landlord (first_name, last_name, email, contact_no, address, city, country, state, zip_code) VALUES ('Thomas', 'Taylor', 'thomas.taylor19@example.com', '555-337-1800', '1316 Washington Blvd', 'San Jose', 'USA', 'CA', '90210');
INSERT INTO p_landlord (first_name, last_name, email, contact_no, address, city, country, state, zip_code) VALUES ('Karen', 'Wilson', 'karen.wilson20@example.com', '555-593-7177', '3999 Lake Rd', 'San Diego', 'USA', 'CA', '90210');
INSERT INTO p_landlord (first_name, last_name, email, contact_no, address, city, country, state, zip_code) VALUES ('Jennifer', 'Lopez', 'jennifer.lopez21@example.com', '555-978-5169', '6670 Maple Ave', 'Houston', 'USA', 'CA', '90210');
INSERT INTO p_landlord (first_name, last_name, email, contact_no, address, city, country, state, zip_code) VALUES ('Joseph', 'Wilson', 'joseph.wilson22@example.com', '555-209-1779', '8453 Hill St', 'New York', 'USA', 'CA', '90210');
INSERT INTO p_landlord (first_name, last_name, email, contact_no, address, city, country, state, zip_code) VALUES ('Thomas', 'Hernandez', 'thomas.hernandez23@example.com', '555-183-6111', '1193 Hill St', 'Houston', 'USA', 'CA', '90210');
INSERT INTO p_landlord (first_name, last_name, email, contact_no, address, city, country, state, zip_code) VALUES ('Michael', 'Davis', 'michael.davis24@example.com', '555-217-9179', '6366 Cedar Ln', 'Los Angeles', 'USA', 'CA', '90210');
INSERT INTO p_landlord (first_name, last_name, email, contact_no, address, city, country, state, zip_code) VALUES ('Thomas', 'Jackson', 'thomas.jackson25@example.com', '555-411-8694', '3267 Lake Rd', 'San Jose', 'USA', 'CA', '90210');
INSERT INTO p_landlord (first_name, last_name, email, contact_no, address, city, country, state, zip_code) VALUES ('Patricia', 'Moore', 'patricia.moore26@example.com', '555-669-1437', '7284 Hill St', 'San Jose', 'USA', 'CA', '90210');
INSERT INTO p_landlord (first_name, last_name, email, contact_no, address, city, country, state, zip_code) VALUES ('John', 'Martin', 'john.martin27@example.com', '555-996-2444', '5483 Hill St', 'Dallas', 'USA', 'CA', '90210');
INSERT INTO p_landlord (first_name, last_name, email, contact_no, address, city, country, state, zip_code) VALUES ('John', 'Anderson', 'john.anderson28@example.com', '555-250-9699', '9555 Pine St', 'Chicago', 'USA', 'CA', '90210');
INSERT INTO p_landlord (first_name, last_name, email, contact_no, address, city, country, state, zip_code) VALUES ('Thomas', 'Martinez', 'thomas.martinez29@example.com', '555-906-2059', '4660 Elm St', 'New York', 'USA', 'CA', '90210');
INSERT INTO p_landlord (first_name, last_name, email, contact_no, address, city, country, state, zip_code) VALUES ('Mary', 'Smith', 'mary.smith30@example.com', '555-321-4799', '8677 Cedar Ln', 'New York', 'USA', 'CA', '90210');
INSERT INTO p_landlord (first_name, last_name, email, contact_no, address, city, country, state, zip_code) VALUES ('Michael', 'Taylor', 'michael.taylor31@example.com', '555-867-7532', '9483 Washington Blvd', 'San Jose', 'USA', 'CA', '90210');
INSERT INTO p_landlord (first_name, last_name, email, contact_no, address, city, country, state, zip_code) VALUES ('Joseph', 'Miller', 'joseph.miller32@example.com', '555-482-4332', '6028 Oak St', 'Houston', 'USA', 'CA', '90210');
INSERT INTO p_landlord (first_name, last_name, email, contact_no, address, city, country, state, zip_code) VALUES ('Karen', 'Moore', 'karen.moore33@example.com', '555-823-7321', '5417 Cedar Ln', 'New York', 'USA', 'CA', '90210');
INSERT INTO p_landlord (first_name, last_name, email, contact_no, address, city, country, state, zip_code) VALUES ('Sarah', 'Moore', 'sarah.moore34@example.com', '555-767-8384', '1513 Main St', 'Phoenix', 'USA', 'CA', '90210');
INSERT INTO p_landlord (first_name, last_name, email, contact_no, address, city, country, state, zip_code) VALUES ('Robert', 'Brown', 'robert.brown35@example.com', '555-492-3598', '5690 Hill St', 'San Jose', 'USA', 'CA', '90210');
INSERT INTO p_landlord (first_name, last_name, email, contact_no, address, city, country, state, zip_code) VALUES ('Patricia', 'Taylor', 'patricia.taylor36@example.com', '555-645-8382', '4011 Washington Blvd', 'San Diego', 'USA', 'CA', '90210');
INSERT INTO p_landlord (first_name, last_name, email, contact_no, address, city, country, state, zip_code) VALUES ('Jennifer', 'Moore', 'jennifer.moore37@example.com', '555-732-6242', '1787 Maple Ave', 'New York', 'USA', 'CA', '90210');
INSERT INTO p_landlord (first_name, last_name, email, contact_no, address, city, country, state, zip_code) VALUES ('David', 'Davis', 'david.davis38@example.com', '555-181-4942', '319 Pine St', 'Phoenix', 'USA', 'CA', '90210');
INSERT INTO p_landlord (first_name, last_name, email, contact_no, address, city, country, state, zip_code) VALUES ('Patricia', 'Jones', 'patricia.jones39@example.com', '555-927-3363', '3588 Park Ave', 'Los Angeles', 'USA', 'CA', '90210');
INSERT INTO p_landlord (first_name, last_name, email, contact_no, address, city, country, state, zip_code) VALUES ('Jessica', 'Anderson', 'jessica.anderson40@example.com', '555-125-3279', '1184 Maple Ave', 'Philadelphia', 'USA', 'CA', '90210');
INSERT INTO p_landlord (first_name, last_name, email, contact_no, address, city, country, state, zip_code) VALUES ('Joseph', 'Martin', 'joseph.martin41@example.com', '555-432-5541', '7943 Hill St', 'Chicago', 'USA', 'CA', '90210');
INSERT INTO p_landlord (first_name, last_name, email, contact_no, address, city, country, state, zip_code) VALUES ('James', 'Johnson', 'james.johnson42@example.com', '555-625-6458', '3577 Hill St', 'New York', 'USA', 'CA', '90210');
INSERT INTO p_landlord (first_name, last_name, email, contact_no, address, city, country, state, zip_code) VALUES ('Jessica', 'Martin', 'jessica.martin43@example.com', '555-285-2960', '9565 Pine St', 'Phoenix', 'USA', 'CA', '90210');
INSERT INTO p_landlord (first_name, last_name, email, contact_no, address, city, country, state, zip_code) VALUES ('Charles', 'Lopez', 'charles.lopez44@example.com', '555-865-6678', '2977 Pine St', 'New York', 'USA', 'CA', '90210');
INSERT INTO p_landlord (first_name, last_name, email, contact_no, address, city, country, state, zip_code) VALUES ('Richard', 'Brown', 'richard.brown45@example.com', '555-173-1881', '4277 Park Ave', 'San Antonio', 'USA', 'CA', '90210');
INSERT INTO p_landlord (first_name, last_name, email, contact_no, address, city, country, state, zip_code) VALUES ('Patricia', 'Thomas', 'patricia.thomas46@example.com', '555-429-3392', '1236 Lake Rd', 'San Jose', 'USA', 'CA', '90210');
INSERT INTO p_landlord (first_name, last_name, email, contact_no, address, city, country, state, zip_code) VALUES ('Robert', 'Moore', 'robert.moore47@example.com', '555-619-1216', '3999 Lake Rd', 'Philadelphia', 'USA', 'CA', '90210');
INSERT INTO p_landlord (first_name, last_name, email, contact_no, address, city, country, state, zip_code) VALUES ('Joseph', 'Gonzalez', 'joseph.gonzalez48@example.com', '555-476-2717', '1046 Elm St', 'Los Angeles', 'USA', 'CA', '90210');
INSERT INTO p_landlord (first_name, last_name, email, contact_no, address, city, country, state, zip_code) VALUES ('Jessica', 'Smith', 'jessica.smith49@example.com', '555-215-4902', '4244 Hill St', 'Dallas', 'USA', 'CA', '90210');
INSERT INTO p_landlord (first_name, last_name, email, contact_no, address, city, country, state, zip_code) VALUES ('John', 'Thomas', 'john.thomas50@example.com', '555-755-2469', '8001 Washington Blvd', 'Los Angeles', 'USA', 'CA', '90210');
INSERT INTO property (property_type, property_name, frequency, unit, tarea, tarea_munit, property_address, city, property_country, property_province, zip_code) VALUES ('Multi-Family', 'Hernandez Plaza', 'Monthly', 38, '1000', 'sqft', '9643 Elm St', 'Philadelphia', 'USA', 'CA', '90210');
INSERT INTO property (property_type, property_name, frequency, unit, tarea, tarea_munit, property_address, city, property_country, property_province, zip_code) VALUES ('Single Family Home', 'Moore Heights', 'Monthly', 7, '1000', 'sqft', '6796 Lake Rd', 'San Diego', 'USA', 'CA', '90210');
INSERT INTO property (property_type, property_name, frequency, unit, tarea, tarea_munit, property_address, city, property_country, property_province, zip_code) VALUES ('Condo', 'Smith Heights', 'Monthly', 40, '1000', 'sqft', '1665 Washington Blvd', 'San Antonio', 'USA', 'CA', '90210');
INSERT INTO property (property_type, property_name, frequency, unit, tarea, tarea_munit, property_address, city, property_country, property_province, zip_code) VALUES ('Commercial', 'Taylor Towers', 'Monthly', 39, '1000', 'sqft', '4334 Park Ave', 'Houston', 'USA', 'CA', '90210');
INSERT INTO property (property_type, property_name, frequency, unit, tarea, tarea_munit, property_address, city, property_country, property_province, zip_code) VALUES ('Single Family Home', 'Hernandez Plaza', 'Monthly', 46, '1000', 'sqft', '3058 Park Ave', 'Chicago', 'USA', 'CA', '90210');
INSERT INTO property (property_type, property_name, frequency, unit, tarea, tarea_munit, property_address, city, property_country, property_province, zip_code) VALUES ('Single Family Home', 'Martinez Estates', 'Monthly', 41, '1000', 'sqft', '9165 Cedar Ln', 'Philadelphia', 'USA', 'CA', '90210');
INSERT INTO property (property_type, property_name, frequency, unit, tarea, tarea_munit, property_address, city, property_country, property_province, zip_code) VALUES ('Commercial', 'Johnson Court', 'Monthly', 49, '1000', 'sqft', '1480 Maple Ave', 'San Antonio', 'USA', 'CA', '90210');
INSERT INTO property (property_type, property_name, frequency, unit, tarea, tarea_munit, property_address, city, property_country, property_province, zip_code) VALUES ('Apartment', 'Brown Towers', 'Monthly', 49, '1000', 'sqft', '2453 Cedar Ln', 'Phoenix', 'USA', 'CA', '90210');
INSERT INTO property (property_type, property_name, frequency, unit, tarea, tarea_munit, property_address, city, property_country, property_province, zip_code) VALUES ('Condo', 'Smith Apartments', 'Monthly', 28, '1000', 'sqft', '951 Pine St', 'New York', 'USA', 'CA', '90210');
INSERT INTO property (property_type, property_name, frequency, unit, tarea, tarea_munit, property_address, city, property_country, property_province, zip_code) VALUES ('Apartment', 'Jones Estates', 'Monthly', 9, '1000', 'sqft', '2003 Maple Ave', 'Philadelphia', 'USA', 'CA', '90210');
INSERT INTO property (property_type, property_name, frequency, unit, tarea, tarea_munit, property_address, city, property_country, property_province, zip_code) VALUES ('Commercial', 'Gonzalez Plaza', 'Monthly', 2, '1000', 'sqft', '3619 Lake Rd', 'Houston', 'USA', 'CA', '90210');
INSERT INTO property (property_type, property_name, frequency, unit, tarea, tarea_munit, property_address, city, property_country, property_province, zip_code) VALUES ('Townhouse', 'Wilson Estates', 'Monthly', 34, '1000', 'sqft', '4095 Cedar Ln', 'Dallas', 'USA', 'CA', '90210');
INSERT INTO property (property_type, property_name, frequency, unit, tarea, tarea_munit, property_address, city, property_country, property_province, zip_code) VALUES ('Townhouse', 'Rodriguez Heights', 'Monthly', 42, '1000', 'sqft', '3499 Lake Rd', 'Chicago', 'USA', 'CA', '90210');
INSERT INTO property (property_type, property_name, frequency, unit, tarea, tarea_munit, property_address, city, property_country, property_province, zip_code) VALUES ('Multi-Family', 'Wilson Apartments', 'Monthly', 2, '1000', 'sqft', '4541 Oak St', 'New York', 'USA', 'CA', '90210');
INSERT INTO property (property_type, property_name, frequency, unit, tarea, tarea_munit, property_address, city, property_country, property_province, zip_code) VALUES ('Single Family Home', 'Hernandez Towers', 'Monthly', 50, '1000', 'sqft', '6605 Lake Rd', 'San Diego', 'USA', 'CA', '90210');
INSERT INTO property (property_type, property_name, frequency, unit, tarea, tarea_munit, property_address, city, property_country, property_province, zip_code) VALUES ('Multi-Family', 'Johnson Apartments', 'Monthly', 10, '1000', 'sqft', '209 Hill St', 'Philadelphia', 'USA', 'CA', '90210');
INSERT INTO property (property_type, property_name, frequency, unit, tarea, tarea_munit, property_address, city, property_country, property_province, zip_code) VALUES ('Commercial', 'Smith Estates', 'Monthly', 28, '1000', 'sqft', '6470 Lake Rd', 'Los Angeles', 'USA', 'CA', '90210');
INSERT INTO property (property_type, property_name, frequency, unit, tarea, tarea_munit, property_address, city, property_country, property_province, zip_code) VALUES ('Townhouse', 'Moore Towers', 'Monthly', 30, '1000', 'sqft', '9770 Pine St', 'Los Angeles', 'USA', 'CA', '90210');
INSERT INTO property (property_type, property_name, frequency, unit, tarea, tarea_munit, property_address, city, property_country, property_province, zip_code) VALUES ('Condo', 'Rodriguez Plaza', 'Monthly', 40, '1000', 'sqft', '6000 Washington Blvd', 'Chicago', 'USA', 'CA', '90210');
INSERT INTO property (property_type, property_name, frequency, unit, tarea, tarea_munit, property_address, city, property_country, property_province, zip_code) VALUES ('Multi-Family', 'Wilson Plaza', 'Monthly', 43, '1000', 'sqft', '2759 Oak St', 'New York', 'USA', 'CA', '90210');
INSERT INTO property (property_type, property_name, frequency, unit, tarea, tarea_munit, property_address, city, property_country, property_province, zip_code) VALUES ('Single Family Home', 'Davis Court', 'Monthly', 32, '1000', 'sqft', '1457 Pine St', 'New York', 'USA', 'CA', '90210');
INSERT INTO property (property_type, property_name, frequency, unit, tarea, tarea_munit, property_address, city, property_country, property_province, zip_code) VALUES ('Townhouse', 'Martin Court', 'Monthly', 33, '1000', 'sqft', '9133 Oak St', 'San Diego', 'USA', 'CA', '90210');
INSERT INTO property (property_type, property_name, frequency, unit, tarea, tarea_munit, property_address, city, property_country, property_province, zip_code) VALUES ('Townhouse', 'Anderson Towers', 'Monthly', 30, '1000', 'sqft', '4515 Pine St', 'San Jose', 'USA', 'CA', '90210');
INSERT INTO property (property_type, property_name, frequency, unit, tarea, tarea_munit, property_address, city, property_country, property_province, zip_code) VALUES ('Apartment', 'Martin Heights', 'Monthly', 34, '1000', 'sqft', '2588 Pine St', 'San Diego', 'USA', 'CA', '90210');
INSERT INTO property (property_type, property_name, frequency, unit, tarea, tarea_munit, property_address, city, property_country, property_province, zip_code) VALUES ('Commercial', 'Taylor Apartments', 'Monthly', 29, '1000', 'sqft', '6005 Washington Blvd', 'Chicago', 'USA', 'CA', '90210');
INSERT INTO property (property_type, property_name, frequency, unit, tarea, tarea_munit, property_address, city, property_country, property_province, zip_code) VALUES ('Townhouse', 'Martinez Heights', 'Monthly', 22, '1000', 'sqft', '3706 Hill St', 'Chicago', 'USA', 'CA', '90210');
INSERT INTO property (property_type, property_name, frequency, unit, tarea, tarea_munit, property_address, city, property_country, property_province, zip_code) VALUES ('Condo', 'Wilson Heights', 'Monthly', 21, '1000', 'sqft', '1399 Maple Ave', 'San Diego', 'USA', 'CA', '90210');
INSERT INTO property (property_type, property_name, frequency, unit, tarea, tarea_munit, property_address, city, property_country, property_province, zip_code) VALUES ('Apartment', 'Brown Heights', 'Monthly', 9, '1000', 'sqft', '2846 Pine St', 'San Diego', 'USA', 'CA', '90210');
INSERT INTO property (property_type, property_name, frequency, unit, tarea, tarea_munit, property_address, city, property_country, property_province, zip_code) VALUES ('Single Family Home', 'Gonzalez Plaza', 'Monthly', 41, '1000', 'sqft', '4163 Main St', 'San Antonio', 'USA', 'CA', '90210');
INSERT INTO property (property_type, property_name, frequency, unit, tarea, tarea_munit, property_address, city, property_country, property_province, zip_code) VALUES ('Commercial', 'Brown Apartments', 'Monthly', 23, '1000', 'sqft', '3223 Washington Blvd', 'Chicago', 'USA', 'CA', '90210');
INSERT INTO property (property_type, property_name, frequency, unit, tarea, tarea_munit, property_address, city, property_country, property_province, zip_code) VALUES ('Commercial', 'Martin Estates', 'Monthly', 47, '1000', 'sqft', '5461 Main St', 'San Antonio', 'USA', 'CA', '90210');
INSERT INTO property (property_type, property_name, frequency, unit, tarea, tarea_munit, property_address, city, property_country, property_province, zip_code) VALUES ('Townhouse', 'Moore Apartments', 'Monthly', 4, '1000', 'sqft', '7492 Pine St', 'Los Angeles', 'USA', 'CA', '90210');
INSERT INTO property (property_type, property_name, frequency, unit, tarea, tarea_munit, property_address, city, property_country, property_province, zip_code) VALUES ('Condo', 'Miller Heights', 'Monthly', 36, '1000', 'sqft', '2681 Maple Ave', 'Philadelphia', 'USA', 'CA', '90210');
INSERT INTO property (property_type, property_name, frequency, unit, tarea, tarea_munit, property_address, city, property_country, property_province, zip_code) VALUES ('Condo', 'Gonzalez Court', 'Monthly', 30, '1000', 'sqft', '8334 Washington Blvd', 'Los Angeles', 'USA', 'CA', '90210');
INSERT INTO property (property_type, property_name, frequency, unit, tarea, tarea_munit, property_address, city, property_country, property_province, zip_code) VALUES ('Townhouse', 'Davis Heights', 'Monthly', 15, '1000', 'sqft', '7041 Cedar Ln', 'Phoenix', 'USA', 'CA', '90210');
INSERT INTO property (property_type, property_name, frequency, unit, tarea, tarea_munit, property_address, city, property_country, property_province, zip_code) VALUES ('Condo', 'Martin Estates', 'Monthly', 24, '1000', 'sqft', '9050 Cedar Ln', 'Dallas', 'USA', 'CA', '90210');
INSERT INTO property (property_type, property_name, frequency, unit, tarea, tarea_munit, property_address, city, property_country, property_province, zip_code) VALUES ('Condo', 'Anderson Apartments', 'Monthly', 1, '1000', 'sqft', '4243 Hill St', 'Dallas', 'USA', 'CA', '90210');
INSERT INTO property (property_type, property_name, frequency, unit, tarea, tarea_munit, property_address, city, property_country, property_province, zip_code) VALUES ('Commercial', 'Johnson Estates', 'Monthly', 20, '1000', 'sqft', '7174 Main St', 'Los Angeles', 'USA', 'CA', '90210');
INSERT INTO property (property_type, property_name, frequency, unit, tarea, tarea_munit, property_address, city, property_country, property_province, zip_code) VALUES ('Single Family Home', 'Wilson Towers', 'Monthly', 45, '1000', 'sqft', '2366 Pine St', 'San Antonio', 'USA', 'CA', '90210');
INSERT INTO property (property_type, property_name, frequency, unit, tarea, tarea_munit, property_address, city, property_country, property_province, zip_code) VALUES ('Commercial', 'Lopez Estates', 'Monthly', 19, '1000', 'sqft', '5904 Pine St', 'San Diego', 'USA', 'CA', '90210');
INSERT INTO property (property_type, property_name, frequency, unit, tarea, tarea_munit, property_address, city, property_country, property_province, zip_code) VALUES ('Townhouse', 'Taylor Towers', 'Monthly', 34, '1000', 'sqft', '4463 Washington Blvd', 'New York', 'USA', 'CA', '90210');
INSERT INTO property (property_type, property_name, frequency, unit, tarea, tarea_munit, property_address, city, property_country, property_province, zip_code) VALUES ('Commercial', 'Rodriguez Apartments', 'Monthly', 28, '1000', 'sqft', '1216 Cedar Ln', 'San Jose', 'USA', 'CA', '90210');
INSERT INTO property (property_type, property_name, frequency, unit, tarea, tarea_munit, property_address, city, property_country, property_province, zip_code) VALUES ('Condo', 'Martinez Court', 'Monthly', 23, '1000', 'sqft', '9745 Main St', 'Chicago', 'USA', 'CA', '90210');
INSERT INTO property (property_type, property_name, frequency, unit, tarea, tarea_munit, property_address, city, property_country, property_province, zip_code) VALUES ('Townhouse', 'Miller Towers', 'Monthly', 11, '1000', 'sqft', '8787 Park Ave', 'Houston', 'USA', 'CA', '90210');
INSERT INTO property (property_type, property_name, frequency, unit, tarea, tarea_munit, property_address, city, property_country, property_province, zip_code) VALUES ('Apartment', 'Smith Plaza', 'Monthly', 36, '1000', 'sqft', '5737 Elm St', 'Houston', 'USA', 'CA', '90210');
INSERT INTO property (property_type, property_name, frequency, unit, tarea, tarea_munit, property_address, city, property_country, property_province, zip_code) VALUES ('Single Family Home', 'Hernandez Plaza', 'Monthly', 20, '1000', 'sqft', '9887 Park Ave', 'San Jose', 'USA', 'CA', '90210');
INSERT INTO property (property_type, property_name, frequency, unit, tarea, tarea_munit, property_address, city, property_country, property_province, zip_code) VALUES ('Condo', 'Davis Towers', 'Monthly', 46, '1000', 'sqft', '8493 Hill St', 'New York', 'USA', 'CA', '90210');
INSERT INTO property (property_type, property_name, frequency, unit, tarea, tarea_munit, property_address, city, property_country, property_province, zip_code) VALUES ('Condo', 'Rodriguez Apartments', 'Monthly', 33, '1000', 'sqft', '9765 Washington Blvd', 'Houston', 'USA', 'CA', '90210');
INSERT INTO property (property_type, property_name, frequency, unit, tarea, tarea_munit, property_address, city, property_country, property_province, zip_code) VALUES ('Commercial', 'Williams Plaza', 'Monthly', 47, '1000', 'sqft', '5833 Main St', 'San Antonio', 'USA', 'CA', '90210');
INSERT INTO property (property_type, property_name, frequency, unit, tarea, tarea_munit, property_address, city, property_country, property_province, zip_code) VALUES ('Condo', 'Williams Heights', 'Monthly', 42, '1000', 'sqft', '720 Cedar Ln', 'Houston', 'USA', 'CA', '90210');
INSERT INTO unit (unit_name, unit_type, property_name, floor_number, bedrooms, bathrooms, trent, trent_period, vacant_status) VALUES ('Unit 1', 'Residential', 1, 5, 4, 3, '2778', 'Monthly', 1);
INSERT INTO unit (unit_name, unit_type, property_name, floor_number, bedrooms, bathrooms, trent, trent_period, vacant_status) VALUES ('Unit 2', 'Residential', 1, 5, 3, 1, '1529', 'Monthly', 1);
INSERT INTO unit (unit_name, unit_type, property_name, floor_number, bedrooms, bathrooms, trent, trent_period, vacant_status) VALUES ('Unit 3', 'Residential', 1, 4, 3, 2, '1072', 'Monthly', 0);
INSERT INTO unit (unit_name, unit_type, property_name, floor_number, bedrooms, bathrooms, trent, trent_period, vacant_status) VALUES ('Unit 4', 'Residential', 1, 2, 2, 2, '2545', 'Monthly', 1);
INSERT INTO unit (unit_name, unit_type, property_name, floor_number, bedrooms, bathrooms, trent, trent_period, vacant_status) VALUES ('Unit 5', 'Residential', 1, 2, 4, 2, '1661', 'Monthly', 0);
INSERT INTO unit (unit_name, unit_type, property_name, floor_number, bedrooms, bathrooms, trent, trent_period, vacant_status) VALUES ('Unit 6', 'Residential', 1, 1, 3, 1, '3472', 'Monthly', 1);
INSERT INTO unit (unit_name, unit_type, property_name, floor_number, bedrooms, bathrooms, trent, trent_period, vacant_status) VALUES ('Unit 7', 'Residential', 1, 3, 3, 3, '1962', 'Monthly', 0);
INSERT INTO unit (unit_name, unit_type, property_name, floor_number, bedrooms, bathrooms, trent, trent_period, vacant_status) VALUES ('Unit 1', 'Residential', 2, 1, 3, 1, '2177', 'Monthly', 1);
INSERT INTO unit (unit_name, unit_type, property_name, floor_number, bedrooms, bathrooms, trent, trent_period, vacant_status) VALUES ('Unit 2', 'Residential', 2, 3, 1, 2, '1732', 'Monthly', 0);
INSERT INTO unit (unit_name, unit_type, property_name, floor_number, bedrooms, bathrooms, trent, trent_period, vacant_status) VALUES ('Unit 3', 'Residential', 2, 3, 4, 2, '1307', 'Monthly', 1);
INSERT INTO unit (unit_name, unit_type, property_name, floor_number, bedrooms, bathrooms, trent, trent_period, vacant_status) VALUES ('Unit 4', 'Residential', 2, 5, 1, 3, '1737', 'Monthly', 0);
INSERT INTO unit (unit_name, unit_type, property_name, floor_number, bedrooms, bathrooms, trent, trent_period, vacant_status) VALUES ('Unit 5', 'Residential', 2, 5, 2, 1, '3167', 'Monthly', 1);
INSERT INTO unit (unit_name, unit_type, property_name, floor_number, bedrooms, bathrooms, trent, trent_period, vacant_status) VALUES ('Unit 6', 'Residential', 2, 3, 2, 3, '3228', 'Monthly', 0);
INSERT INTO unit (unit_name, unit_type, property_name, floor_number, bedrooms, bathrooms, trent, trent_period, vacant_status) VALUES ('Unit 7', 'Residential', 2, 4, 1, 3, '1275', 'Monthly', 0);
INSERT INTO unit (unit_name, unit_type, property_name, floor_number, bedrooms, bathrooms, trent, trent_period, vacant_status) VALUES ('Unit 1', 'Residential', 3, 5, 1, 2, '1291', 'Monthly', 0);
INSERT INTO unit (unit_name, unit_type, property_name, floor_number, bedrooms, bathrooms, trent, trent_period, vacant_status) VALUES ('Unit 2', 'Residential', 3, 2, 3, 1, '2285', 'Monthly', 0);
INSERT INTO unit (unit_name, unit_type, property_name, floor_number, bedrooms, bathrooms, trent, trent_period, vacant_status) VALUES ('Unit 3', 'Residential', 3, 2, 1, 2, '3001', 'Monthly', 0);
INSERT INTO unit (unit_name, unit_type, property_name, floor_number, bedrooms, bathrooms, trent, trent_period, vacant_status) VALUES ('Unit 4', 'Residential', 3, 4, 1, 2, '2081', 'Monthly', 1);
INSERT INTO unit (unit_name, unit_type, property_name, floor_number, bedrooms, bathrooms, trent, trent_period, vacant_status) VALUES ('Unit 5', 'Residential', 3, 5, 4, 1, '1406', 'Monthly', 0);
INSERT INTO unit (unit_name, unit_type, property_name, floor_number, bedrooms, bathrooms, trent, trent_period, vacant_status) VALUES ('Unit 6', 'Residential', 3, 4, 1, 1, '3495', 'Monthly', 1);
INSERT INTO unit (unit_name, unit_type, property_name, floor_number, bedrooms, bathrooms, trent, trent_period, vacant_status) VALUES ('Unit 7', 'Residential', 3, 3, 4, 3, '1847', 'Monthly', 1);
INSERT INTO unit (unit_name, unit_type, property_name, floor_number, bedrooms, bathrooms, trent, trent_period, vacant_status) VALUES ('Unit 1', 'Residential', 4, 5, 1, 3, '2581', 'Monthly', 1);
INSERT INTO unit (unit_name, unit_type, property_name, floor_number, bedrooms, bathrooms, trent, trent_period, vacant_status) VALUES ('Unit 2', 'Residential', 4, 1, 4, 1, '1893', 'Monthly', 0);
INSERT INTO unit (unit_name, unit_type, property_name, floor_number, bedrooms, bathrooms, trent, trent_period, vacant_status) VALUES ('Unit 3', 'Residential', 4, 1, 2, 3, '2548', 'Monthly', 1);
INSERT INTO unit (unit_name, unit_type, property_name, floor_number, bedrooms, bathrooms, trent, trent_period, vacant_status) VALUES ('Unit 4', 'Residential', 4, 1, 1, 2, '3035', 'Monthly', 0);
INSERT INTO unit (unit_name, unit_type, property_name, floor_number, bedrooms, bathrooms, trent, trent_period, vacant_status) VALUES ('Unit 5', 'Residential', 4, 3, 3, 2, '1844', 'Monthly', 0);
INSERT INTO unit (unit_name, unit_type, property_name, floor_number, bedrooms, bathrooms, trent, trent_period, vacant_status) VALUES ('Unit 6', 'Residential', 4, 5, 4, 3, '1822', 'Monthly', 0);
INSERT INTO unit (unit_name, unit_type, property_name, floor_number, bedrooms, bathrooms, trent, trent_period, vacant_status) VALUES ('Unit 7', 'Residential', 4, 2, 4, 3, '3252', 'Monthly', 0);
INSERT INTO unit (unit_name, unit_type, property_name, floor_number, bedrooms, bathrooms, trent, trent_period, vacant_status) VALUES ('Unit 8', 'Residential', 4, 4, 2, 2, '2937', 'Monthly', 0);
INSERT INTO unit (unit_name, unit_type, property_name, floor_number, bedrooms, bathrooms, trent, trent_period, vacant_status) VALUES ('Unit 9', 'Residential', 4, 4, 3, 2, '2775', 'Monthly', 0);
INSERT INTO unit (unit_name, unit_type, property_name, floor_number, bedrooms, bathrooms, trent, trent_period, vacant_status) VALUES ('Unit 10', 'Residential', 4, 1, 3, 1, '1796', 'Monthly', 1);
INSERT INTO unit (unit_name, unit_type, property_name, floor_number, bedrooms, bathrooms, trent, trent_period, vacant_status) VALUES ('Unit 1', 'Residential', 5, 4, 2, 1, '2294', 'Monthly', 0);
INSERT INTO unit (unit_name, unit_type, property_name, floor_number, bedrooms, bathrooms, trent, trent_period, vacant_status) VALUES ('Unit 2', 'Residential', 5, 1, 4, 3, '1006', 'Monthly', 1);
INSERT INTO unit (unit_name, unit_type, property_name, floor_number, bedrooms, bathrooms, trent, trent_period, vacant_status) VALUES ('Unit 3', 'Residential', 5, 5, 3, 2, '849', 'Monthly', 1);
INSERT INTO unit (unit_name, unit_type, property_name, floor_number, bedrooms, bathrooms, trent, trent_period, vacant_status) VALUES ('Unit 4', 'Residential', 5, 1, 1, 1, '1419', 'Monthly', 0);
INSERT INTO unit (unit_name, unit_type, property_name, floor_number, bedrooms, bathrooms, trent, trent_period, vacant_status) VALUES ('Unit 5', 'Residential', 5, 1, 2, 3, '934', 'Monthly', 1);
INSERT INTO unit (unit_name, unit_type, property_name, floor_number, bedrooms, bathrooms, trent, trent_period, vacant_status) VALUES ('Unit 1', 'Residential', 6, 3, 3, 3, '1176', 'Monthly', 1);
INSERT INTO unit (unit_name, unit_type, property_name, floor_number, bedrooms, bathrooms, trent, trent_period, vacant_status) VALUES ('Unit 2', 'Residential', 6, 2, 4, 2, '3401', 'Monthly', 0);
INSERT INTO unit (unit_name, unit_type, property_name, floor_number, bedrooms, bathrooms, trent, trent_period, vacant_status) VALUES ('Unit 3', 'Residential', 6, 4, 4, 1, '3127', 'Monthly', 0);
INSERT INTO unit (unit_name, unit_type, property_name, floor_number, bedrooms, bathrooms, trent, trent_period, vacant_status) VALUES ('Unit 4', 'Residential', 6, 5, 3, 1, '1074', 'Monthly', 0);
INSERT INTO unit (unit_name, unit_type, property_name, floor_number, bedrooms, bathrooms, trent, trent_period, vacant_status) VALUES ('Unit 5', 'Residential', 6, 4, 3, 3, '910', 'Monthly', 1);
INSERT INTO unit (unit_name, unit_type, property_name, floor_number, bedrooms, bathrooms, trent, trent_period, vacant_status) VALUES ('Unit 6', 'Residential', 6, 3, 2, 1, '3005', 'Monthly', 1);
INSERT INTO unit (unit_name, unit_type, property_name, floor_number, bedrooms, bathrooms, trent, trent_period, vacant_status) VALUES ('Unit 7', 'Residential', 6, 4, 3, 2, '3227', 'Monthly', 1);
INSERT INTO unit (unit_name, unit_type, property_name, floor_number, bedrooms, bathrooms, trent, trent_period, vacant_status) VALUES ('Unit 8', 'Residential', 6, 3, 1, 1, '1353', 'Monthly', 0);
INSERT INTO unit (unit_name, unit_type, property_name, floor_number, bedrooms, bathrooms, trent, trent_period, vacant_status) VALUES ('Unit 9', 'Residential', 6, 4, 2, 1, '1024', 'Monthly', 1);
INSERT INTO unit (unit_name, unit_type, property_name, floor_number, bedrooms, bathrooms, trent, trent_period, vacant_status) VALUES ('Unit 1', 'Residential', 7, 2, 1, 2, '1436', 'Monthly', 0);
INSERT INTO unit (unit_name, unit_type, property_name, floor_number, bedrooms, bathrooms, trent, trent_period, vacant_status) VALUES ('Unit 2', 'Residential', 7, 3, 1, 2, '1748', 'Monthly', 0);
INSERT INTO unit (unit_name, unit_type, property_name, floor_number, bedrooms, bathrooms, trent, trent_period, vacant_status) VALUES ('Unit 3', 'Residential', 7, 3, 1, 3, '1342', 'Monthly', 0);
INSERT INTO unit (unit_name, unit_type, property_name, floor_number, bedrooms, bathrooms, trent, trent_period, vacant_status) VALUES ('Unit 4', 'Residential', 7, 5, 4, 1, '1057', 'Monthly', 1);
INSERT INTO unit (unit_name, unit_type, property_name, floor_number, bedrooms, bathrooms, trent, trent_period, vacant_status) VALUES ('Unit 5', 'Residential', 7, 5, 1, 1, '2311', 'Monthly', 0);
INSERT INTO unit (unit_name, unit_type, property_name, floor_number, bedrooms, bathrooms, trent, trent_period, vacant_status) VALUES ('Unit 6', 'Residential', 7, 2, 2, 2, '2704', 'Monthly', 0);
INSERT INTO unit (unit_name, unit_type, property_name, floor_number, bedrooms, bathrooms, trent, trent_period, vacant_status) VALUES ('Unit 1', 'Residential', 8, 3, 2, 2, '3314', 'Monthly', 0);
INSERT INTO unit (unit_name, unit_type, property_name, floor_number, bedrooms, bathrooms, trent, trent_period, vacant_status) VALUES ('Unit 2', 'Residential', 8, 5, 3, 1, '2977', 'Monthly', 1);
INSERT INTO unit (unit_name, unit_type, property_name, floor_number, bedrooms, bathrooms, trent, trent_period, vacant_status) VALUES ('Unit 3', 'Residential', 8, 5, 2, 3, '1676', 'Monthly', 1);
INSERT INTO unit (unit_name, unit_type, property_name, floor_number, bedrooms, bathrooms, trent, trent_period, vacant_status) VALUES ('Unit 4', 'Residential', 8, 1, 3, 1, '2921', 'Monthly', 0);
INSERT INTO unit (unit_name, unit_type, property_name, floor_number, bedrooms, bathrooms, trent, trent_period, vacant_status) VALUES ('Unit 5', 'Residential', 8, 4, 4, 2, '2567', 'Monthly', 0);
INSERT INTO unit (unit_name, unit_type, property_name, floor_number, bedrooms, bathrooms, trent, trent_period, vacant_status) VALUES ('Unit 6', 'Residential', 8, 1, 1, 3, '1759', 'Monthly', 1);
INSERT INTO unit (unit_name, unit_type, property_name, floor_number, bedrooms, bathrooms, trent, trent_period, vacant_status) VALUES ('Unit 7', 'Residential', 8, 4, 4, 1, '1405', 'Monthly', 0);
INSERT INTO unit (unit_name, unit_type, property_name, floor_number, bedrooms, bathrooms, trent, trent_period, vacant_status) VALUES ('Unit 8', 'Residential', 8, 5, 3, 3, '1995', 'Monthly', 0);
INSERT INTO unit (unit_name, unit_type, property_name, floor_number, bedrooms, bathrooms, trent, trent_period, vacant_status) VALUES ('Unit 9', 'Residential', 8, 1, 1, 2, '3461', 'Monthly', 0);
INSERT INTO unit (unit_name, unit_type, property_name, floor_number, bedrooms, bathrooms, trent, trent_period, vacant_status) VALUES ('Unit 1', 'Residential', 9, 2, 1, 2, '2950', 'Monthly', 1);
INSERT INTO unit (unit_name, unit_type, property_name, floor_number, bedrooms, bathrooms, trent, trent_period, vacant_status) VALUES ('Unit 2', 'Residential', 9, 1, 3, 1, '1037', 'Monthly', 1);
INSERT INTO unit (unit_name, unit_type, property_name, floor_number, bedrooms, bathrooms, trent, trent_period, vacant_status) VALUES ('Unit 3', 'Residential', 9, 2, 4, 2, '2414', 'Monthly', 0);
INSERT INTO unit (unit_name, unit_type, property_name, floor_number, bedrooms, bathrooms, trent, trent_period, vacant_status) VALUES ('Unit 4', 'Residential', 9, 5, 1, 1, '2206', 'Monthly', 1);
INSERT INTO unit (unit_name, unit_type, property_name, floor_number, bedrooms, bathrooms, trent, trent_period, vacant_status) VALUES ('Unit 5', 'Residential', 9, 3, 1, 3, '1388', 'Monthly', 1);
INSERT INTO unit (unit_name, unit_type, property_name, floor_number, bedrooms, bathrooms, trent, trent_period, vacant_status) VALUES ('Unit 6', 'Residential', 9, 5, 3, 1, '2329', 'Monthly', 0);
INSERT INTO unit (unit_name, unit_type, property_name, floor_number, bedrooms, bathrooms, trent, trent_period, vacant_status) VALUES ('Unit 7', 'Residential', 9, 4, 2, 2, '1332', 'Monthly', 1);
INSERT INTO unit (unit_name, unit_type, property_name, floor_number, bedrooms, bathrooms, trent, trent_period, vacant_status) VALUES ('Unit 8', 'Residential', 9, 1, 3, 2, '1155', 'Monthly', 0);
INSERT INTO unit (unit_name, unit_type, property_name, floor_number, bedrooms, bathrooms, trent, trent_period, vacant_status) VALUES ('Unit 1', 'Residential', 10, 1, 4, 2, '949', 'Monthly', 0);
INSERT INTO unit (unit_name, unit_type, property_name, floor_number, bedrooms, bathrooms, trent, trent_period, vacant_status) VALUES ('Unit 2', 'Residential', 10, 2, 3, 2, '1733', 'Monthly', 0);
INSERT INTO unit (unit_name, unit_type, property_name, floor_number, bedrooms, bathrooms, trent, trent_period, vacant_status) VALUES ('Unit 3', 'Residential', 10, 1, 1, 3, '2405', 'Monthly', 0);
INSERT INTO unit (unit_name, unit_type, property_name, floor_number, bedrooms, bathrooms, trent, trent_period, vacant_status) VALUES ('Unit 4', 'Residential', 10, 4, 1, 2, '1988', 'Monthly', 1);
INSERT INTO unit (unit_name, unit_type, property_name, floor_number, bedrooms, bathrooms, trent, trent_period, vacant_status) VALUES ('Unit 5', 'Residential', 10, 2, 2, 3, '3091', 'Monthly', 1);
INSERT INTO unit (unit_name, unit_type, property_name, floor_number, bedrooms, bathrooms, trent, trent_period, vacant_status) VALUES ('Unit 6', 'Residential', 10, 4, 3, 1, '862', 'Monthly', 0);
INSERT INTO unit (unit_name, unit_type, property_name, floor_number, bedrooms, bathrooms, trent, trent_period, vacant_status) VALUES ('Unit 1', 'Residential', 11, 4, 2, 1, '936', 'Monthly', 0);
INSERT INTO unit (unit_name, unit_type, property_name, floor_number, bedrooms, bathrooms, trent, trent_period, vacant_status) VALUES ('Unit 2', 'Residential', 11, 5, 4, 3, '2718', 'Monthly', 1);
INSERT INTO unit (unit_name, unit_type, property_name, floor_number, bedrooms, bathrooms, trent, trent_period, vacant_status) VALUES ('Unit 3', 'Residential', 11, 2, 3, 1, '1484', 'Monthly', 0);
INSERT INTO unit (unit_name, unit_type, property_name, floor_number, bedrooms, bathrooms, trent, trent_period, vacant_status) VALUES ('Unit 4', 'Residential', 11, 4, 1, 3, '2349', 'Monthly', 1);
INSERT INTO unit (unit_name, unit_type, property_name, floor_number, bedrooms, bathrooms, trent, trent_period, vacant_status) VALUES ('Unit 5', 'Residential', 11, 5, 4, 1, '870', 'Monthly', 0);
INSERT INTO unit (unit_name, unit_type, property_name, floor_number, bedrooms, bathrooms, trent, trent_period, vacant_status) VALUES ('Unit 6', 'Residential', 11, 2, 1, 1, '1032', 'Monthly', 0);
INSERT INTO unit (unit_name, unit_type, property_name, floor_number, bedrooms, bathrooms, trent, trent_period, vacant_status) VALUES ('Unit 7', 'Residential', 11, 3, 4, 2, '2542', 'Monthly', 0);
INSERT INTO unit (unit_name, unit_type, property_name, floor_number, bedrooms, bathrooms, trent, trent_period, vacant_status) VALUES ('Unit 8', 'Residential', 11, 4, 1, 2, '2231', 'Monthly', 1);
INSERT INTO unit (unit_name, unit_type, property_name, floor_number, bedrooms, bathrooms, trent, trent_period, vacant_status) VALUES ('Unit 9', 'Residential', 11, 3, 2, 3, '2795', 'Monthly', 0);
INSERT INTO unit (unit_name, unit_type, property_name, floor_number, bedrooms, bathrooms, trent, trent_period, vacant_status) VALUES ('Unit 10', 'Residential', 11, 2, 3, 2, '2127', 'Monthly', 0);
INSERT INTO unit (unit_name, unit_type, property_name, floor_number, bedrooms, bathrooms, trent, trent_period, vacant_status) VALUES ('Unit 1', 'Residential', 12, 5, 1, 1, '2940', 'Monthly', 1);
INSERT INTO unit (unit_name, unit_type, property_name, floor_number, bedrooms, bathrooms, trent, trent_period, vacant_status) VALUES ('Unit 2', 'Residential', 12, 5, 3, 1, '1741', 'Monthly', 0);
INSERT INTO unit (unit_name, unit_type, property_name, floor_number, bedrooms, bathrooms, trent, trent_period, vacant_status) VALUES ('Unit 3', 'Residential', 12, 3, 3, 2, '1747', 'Monthly', 0);
INSERT INTO unit (unit_name, unit_type, property_name, floor_number, bedrooms, bathrooms, trent, trent_period, vacant_status) VALUES ('Unit 4', 'Residential', 12, 1, 3, 1, '2955', 'Monthly', 1);
INSERT INTO unit (unit_name, unit_type, property_name, floor_number, bedrooms, bathrooms, trent, trent_period, vacant_status) VALUES ('Unit 5', 'Residential', 12, 1, 2, 1, '2348', 'Monthly', 1);
INSERT INTO unit (unit_name, unit_type, property_name, floor_number, bedrooms, bathrooms, trent, trent_period, vacant_status) VALUES ('Unit 1', 'Residential', 13, 1, 1, 2, '896', 'Monthly', 1);
INSERT INTO unit (unit_name, unit_type, property_name, floor_number, bedrooms, bathrooms, trent, trent_period, vacant_status) VALUES ('Unit 2', 'Residential', 13, 1, 2, 2, '2419', 'Monthly', 0);
INSERT INTO unit (unit_name, unit_type, property_name, floor_number, bedrooms, bathrooms, trent, trent_period, vacant_status) VALUES ('Unit 3', 'Residential', 13, 2, 1, 2, '1097', 'Monthly', 1);
INSERT INTO unit (unit_name, unit_type, property_name, floor_number, bedrooms, bathrooms, trent, trent_period, vacant_status) VALUES ('Unit 4', 'Residential', 13, 3, 2, 2, '2865', 'Monthly', 0);
INSERT INTO unit (unit_name, unit_type, property_name, floor_number, bedrooms, bathrooms, trent, trent_period, vacant_status) VALUES ('Unit 5', 'Residential', 13, 1, 1, 2, '1043', 'Monthly', 1);
INSERT INTO unit (unit_name, unit_type, property_name, floor_number, bedrooms, bathrooms, trent, trent_period, vacant_status) VALUES ('Unit 6', 'Residential', 13, 2, 3, 2, '2321', 'Monthly', 1);
INSERT INTO unit (unit_name, unit_type, property_name, floor_number, bedrooms, bathrooms, trent, trent_period, vacant_status) VALUES ('Unit 7', 'Residential', 13, 1, 2, 1, '2008', 'Monthly', 1);
INSERT INTO unit (unit_name, unit_type, property_name, floor_number, bedrooms, bathrooms, trent, trent_period, vacant_status) VALUES ('Unit 1', 'Residential', 14, 3, 3, 1, '998', 'Monthly', 1);
INSERT INTO unit (unit_name, unit_type, property_name, floor_number, bedrooms, bathrooms, trent, trent_period, vacant_status) VALUES ('Unit 2', 'Residential', 14, 3, 3, 2, '1387', 'Monthly', 0);
INSERT INTO unit (unit_name, unit_type, property_name, floor_number, bedrooms, bathrooms, trent, trent_period, vacant_status) VALUES ('Unit 3', 'Residential', 14, 4, 4, 3, '1569', 'Monthly', 0);
INSERT INTO unit (unit_name, unit_type, property_name, floor_number, bedrooms, bathrooms, trent, trent_period, vacant_status) VALUES ('Unit 4', 'Residential', 14, 3, 4, 1, '3360', 'Monthly', 1);
INSERT INTO unit (unit_name, unit_type, property_name, floor_number, bedrooms, bathrooms, trent, trent_period, vacant_status) VALUES ('Unit 5', 'Residential', 14, 4, 4, 2, '1036', 'Monthly', 0);
INSERT INTO unit (unit_name, unit_type, property_name, floor_number, bedrooms, bathrooms, trent, trent_period, vacant_status) VALUES ('Unit 6', 'Residential', 14, 1, 2, 2, '2262', 'Monthly', 0);
INSERT INTO unit (unit_name, unit_type, property_name, floor_number, bedrooms, bathrooms, trent, trent_period, vacant_status) VALUES ('Unit 7', 'Residential', 14, 5, 1, 2, '1097', 'Monthly', 1);
INSERT INTO unit (unit_name, unit_type, property_name, floor_number, bedrooms, bathrooms, trent, trent_period, vacant_status) VALUES ('Unit 8', 'Residential', 14, 4, 2, 2, '2054', 'Monthly', 0);
INSERT INTO unit (unit_name, unit_type, property_name, floor_number, bedrooms, bathrooms, trent, trent_period, vacant_status) VALUES ('Unit 9', 'Residential', 14, 3, 1, 1, '2598', 'Monthly', 0);
INSERT INTO unit (unit_name, unit_type, property_name, floor_number, bedrooms, bathrooms, trent, trent_period, vacant_status) VALUES ('Unit 10', 'Residential', 14, 5, 1, 2, '3384', 'Monthly', 0);
INSERT INTO unit (unit_name, unit_type, property_name, floor_number, bedrooms, bathrooms, trent, trent_period, vacant_status) VALUES ('Unit 1', 'Residential', 15, 5, 4, 2, '3429', 'Monthly', 1);
INSERT INTO unit (unit_name, unit_type, property_name, floor_number, bedrooms, bathrooms, trent, trent_period, vacant_status) VALUES ('Unit 2', 'Residential', 15, 2, 1, 1, '2136', 'Monthly', 0);
INSERT INTO unit (unit_name, unit_type, property_name, floor_number, bedrooms, bathrooms, trent, trent_period, vacant_status) VALUES ('Unit 3', 'Residential', 15, 5, 4, 1, '1934', 'Monthly', 0);
INSERT INTO unit (unit_name, unit_type, property_name, floor_number, bedrooms, bathrooms, trent, trent_period, vacant_status) VALUES ('Unit 4', 'Residential', 15, 4, 4, 2, '1277', 'Monthly', 1);
INSERT INTO unit (unit_name, unit_type, property_name, floor_number, bedrooms, bathrooms, trent, trent_period, vacant_status) VALUES ('Unit 5', 'Residential', 15, 5, 2, 1, '2463', 'Monthly', 1);
INSERT INTO unit (unit_name, unit_type, property_name, floor_number, bedrooms, bathrooms, trent, trent_period, vacant_status) VALUES ('Unit 1', 'Residential', 16, 1, 4, 1, '1988', 'Monthly', 0);
INSERT INTO unit (unit_name, unit_type, property_name, floor_number, bedrooms, bathrooms, trent, trent_period, vacant_status) VALUES ('Unit 2', 'Residential', 16, 5, 1, 2, '1007', 'Monthly', 1);
INSERT INTO unit (unit_name, unit_type, property_name, floor_number, bedrooms, bathrooms, trent, trent_period, vacant_status) VALUES ('Unit 3', 'Residential', 16, 3, 3, 1, '3376', 'Monthly', 0);
INSERT INTO unit (unit_name, unit_type, property_name, floor_number, bedrooms, bathrooms, trent, trent_period, vacant_status) VALUES ('Unit 4', 'Residential', 16, 4, 2, 3, '1397', 'Monthly', 1);
INSERT INTO unit (unit_name, unit_type, property_name, floor_number, bedrooms, bathrooms, trent, trent_period, vacant_status) VALUES ('Unit 5', 'Residential', 16, 4, 2, 2, '2780', 'Monthly', 0);
INSERT INTO unit (unit_name, unit_type, property_name, floor_number, bedrooms, bathrooms, trent, trent_period, vacant_status) VALUES ('Unit 6', 'Residential', 16, 3, 3, 2, '2195', 'Monthly', 1);
INSERT INTO unit (unit_name, unit_type, property_name, floor_number, bedrooms, bathrooms, trent, trent_period, vacant_status) VALUES ('Unit 7', 'Residential', 16, 1, 2, 3, '2067', 'Monthly', 1);
INSERT INTO unit (unit_name, unit_type, property_name, floor_number, bedrooms, bathrooms, trent, trent_period, vacant_status) VALUES ('Unit 8', 'Residential', 16, 5, 1, 3, '1881', 'Monthly', 1);
INSERT INTO unit (unit_name, unit_type, property_name, floor_number, bedrooms, bathrooms, trent, trent_period, vacant_status) VALUES ('Unit 1', 'Residential', 17, 4, 2, 1, '1675', 'Monthly', 0);
INSERT INTO unit (unit_name, unit_type, property_name, floor_number, bedrooms, bathrooms, trent, trent_period, vacant_status) VALUES ('Unit 2', 'Residential', 17, 5, 2, 2, '1148', 'Monthly', 1);
INSERT INTO unit (unit_name, unit_type, property_name, floor_number, bedrooms, bathrooms, trent, trent_period, vacant_status) VALUES ('Unit 3', 'Residential', 17, 1, 1, 3, '3025', 'Monthly', 1);
INSERT INTO unit (unit_name, unit_type, property_name, floor_number, bedrooms, bathrooms, trent, trent_period, vacant_status) VALUES ('Unit 4', 'Residential', 17, 5, 3, 3, '1872', 'Monthly', 1);
INSERT INTO unit (unit_name, unit_type, property_name, floor_number, bedrooms, bathrooms, trent, trent_period, vacant_status) VALUES ('Unit 5', 'Residential', 17, 5, 3, 3, '2730', 'Monthly', 0);
INSERT INTO unit (unit_name, unit_type, property_name, floor_number, bedrooms, bathrooms, trent, trent_period, vacant_status) VALUES ('Unit 6', 'Residential', 17, 1, 3, 3, '2579', 'Monthly', 1);
INSERT INTO unit (unit_name, unit_type, property_name, floor_number, bedrooms, bathrooms, trent, trent_period, vacant_status) VALUES ('Unit 7', 'Residential', 17, 3, 1, 1, '1988', 'Monthly', 0);
INSERT INTO unit (unit_name, unit_type, property_name, floor_number, bedrooms, bathrooms, trent, trent_period, vacant_status) VALUES ('Unit 8', 'Residential', 17, 3, 3, 2, '3123', 'Monthly', 1);
INSERT INTO unit (unit_name, unit_type, property_name, floor_number, bedrooms, bathrooms, trent, trent_period, vacant_status) VALUES ('Unit 9', 'Residential', 17, 5, 4, 2, '2108', 'Monthly', 0);
INSERT INTO unit (unit_name, unit_type, property_name, floor_number, bedrooms, bathrooms, trent, trent_period, vacant_status) VALUES ('Unit 1', 'Residential', 18, 4, 1, 2, '3500', 'Monthly', 1);
INSERT INTO unit (unit_name, unit_type, property_name, floor_number, bedrooms, bathrooms, trent, trent_period, vacant_status) VALUES ('Unit 2', 'Residential', 18, 5, 2, 2, '3325', 'Monthly', 1);
INSERT INTO unit (unit_name, unit_type, property_name, floor_number, bedrooms, bathrooms, trent, trent_period, vacant_status) VALUES ('Unit 3', 'Residential', 18, 2, 2, 2, '1430', 'Monthly', 1);
INSERT INTO unit (unit_name, unit_type, property_name, floor_number, bedrooms, bathrooms, trent, trent_period, vacant_status) VALUES ('Unit 4', 'Residential', 18, 4, 2, 3, '1039', 'Monthly', 1);
INSERT INTO unit (unit_name, unit_type, property_name, floor_number, bedrooms, bathrooms, trent, trent_period, vacant_status) VALUES ('Unit 5', 'Residential', 18, 5, 1, 2, '2720', 'Monthly', 1);
INSERT INTO unit (unit_name, unit_type, property_name, floor_number, bedrooms, bathrooms, trent, trent_period, vacant_status) VALUES ('Unit 6', 'Residential', 18, 2, 3, 1, '2717', 'Monthly', 1);
INSERT INTO unit (unit_name, unit_type, property_name, floor_number, bedrooms, bathrooms, trent, trent_period, vacant_status) VALUES ('Unit 7', 'Residential', 18, 4, 4, 2, '1642', 'Monthly', 0);
INSERT INTO unit (unit_name, unit_type, property_name, floor_number, bedrooms, bathrooms, trent, trent_period, vacant_status) VALUES ('Unit 1', 'Residential', 19, 5, 4, 3, '1611', 'Monthly', 0);
INSERT INTO unit (unit_name, unit_type, property_name, floor_number, bedrooms, bathrooms, trent, trent_period, vacant_status) VALUES ('Unit 2', 'Residential', 19, 4, 1, 1, '826', 'Monthly', 1);
INSERT INTO unit (unit_name, unit_type, property_name, floor_number, bedrooms, bathrooms, trent, trent_period, vacant_status) VALUES ('Unit 3', 'Residential', 19, 1, 2, 3, '997', 'Monthly', 0);
INSERT INTO unit (unit_name, unit_type, property_name, floor_number, bedrooms, bathrooms, trent, trent_period, vacant_status) VALUES ('Unit 4', 'Residential', 19, 5, 2, 2, '3286', 'Monthly', 0);
INSERT INTO unit (unit_name, unit_type, property_name, floor_number, bedrooms, bathrooms, trent, trent_period, vacant_status) VALUES ('Unit 5', 'Residential', 19, 4, 1, 1, '1742', 'Monthly', 1);
INSERT INTO unit (unit_name, unit_type, property_name, floor_number, bedrooms, bathrooms, trent, trent_period, vacant_status) VALUES ('Unit 1', 'Residential', 20, 4, 3, 3, '1716', 'Monthly', 0);
INSERT INTO unit (unit_name, unit_type, property_name, floor_number, bedrooms, bathrooms, trent, trent_period, vacant_status) VALUES ('Unit 2', 'Residential', 20, 5, 3, 2, '2596', 'Monthly', 0);
INSERT INTO unit (unit_name, unit_type, property_name, floor_number, bedrooms, bathrooms, trent, trent_period, vacant_status) VALUES ('Unit 3', 'Residential', 20, 2, 1, 1, '2922', 'Monthly', 0);
INSERT INTO unit (unit_name, unit_type, property_name, floor_number, bedrooms, bathrooms, trent, trent_period, vacant_status) VALUES ('Unit 4', 'Residential', 20, 3, 3, 1, '3468', 'Monthly', 0);
INSERT INTO unit (unit_name, unit_type, property_name, floor_number, bedrooms, bathrooms, trent, trent_period, vacant_status) VALUES ('Unit 5', 'Residential', 20, 4, 2, 3, '3374', 'Monthly', 1);
INSERT INTO unit (unit_name, unit_type, property_name, floor_number, bedrooms, bathrooms, trent, trent_period, vacant_status) VALUES ('Unit 6', 'Residential', 20, 4, 1, 3, '846', 'Monthly', 1);
INSERT INTO unit (unit_name, unit_type, property_name, floor_number, bedrooms, bathrooms, trent, trent_period, vacant_status) VALUES ('Unit 7', 'Residential', 20, 2, 4, 2, '1410', 'Monthly', 0);
INSERT INTO unit (unit_name, unit_type, property_name, floor_number, bedrooms, bathrooms, trent, trent_period, vacant_status) VALUES ('Unit 8', 'Residential', 20, 3, 2, 3, '1776', 'Monthly', 0);
INSERT INTO unit (unit_name, unit_type, property_name, floor_number, bedrooms, bathrooms, trent, trent_period, vacant_status) VALUES ('Unit 9', 'Residential', 20, 3, 1, 3, '2051', 'Monthly', 0);
INSERT INTO unit (unit_name, unit_type, property_name, floor_number, bedrooms, bathrooms, trent, trent_period, vacant_status) VALUES ('Unit 10', 'Residential', 20, 3, 2, 3, '2998', 'Monthly', 1);
INSERT INTO unit (unit_name, unit_type, property_name, floor_number, bedrooms, bathrooms, trent, trent_period, vacant_status) VALUES ('Unit 1', 'Residential', 21, 2, 3, 1, '1159', 'Monthly', 1);
INSERT INTO unit (unit_name, unit_type, property_name, floor_number, bedrooms, bathrooms, trent, trent_period, vacant_status) VALUES ('Unit 2', 'Residential', 21, 5, 2, 3, '2070', 'Monthly', 1);
INSERT INTO unit (unit_name, unit_type, property_name, floor_number, bedrooms, bathrooms, trent, trent_period, vacant_status) VALUES ('Unit 3', 'Residential', 21, 1, 1, 2, '2122', 'Monthly', 1);
INSERT INTO unit (unit_name, unit_type, property_name, floor_number, bedrooms, bathrooms, trent, trent_period, vacant_status) VALUES ('Unit 4', 'Residential', 21, 3, 4, 3, '3478', 'Monthly', 0);
INSERT INTO unit (unit_name, unit_type, property_name, floor_number, bedrooms, bathrooms, trent, trent_period, vacant_status) VALUES ('Unit 5', 'Residential', 21, 2, 1, 3, '1851', 'Monthly', 0);
INSERT INTO unit (unit_name, unit_type, property_name, floor_number, bedrooms, bathrooms, trent, trent_period, vacant_status) VALUES ('Unit 1', 'Residential', 22, 4, 1, 1, '2913', 'Monthly', 0);
INSERT INTO unit (unit_name, unit_type, property_name, floor_number, bedrooms, bathrooms, trent, trent_period, vacant_status) VALUES ('Unit 2', 'Residential', 22, 3, 3, 3, '2261', 'Monthly', 0);
INSERT INTO unit (unit_name, unit_type, property_name, floor_number, bedrooms, bathrooms, trent, trent_period, vacant_status) VALUES ('Unit 3', 'Residential', 22, 1, 2, 1, '1663', 'Monthly', 0);
INSERT INTO unit (unit_name, unit_type, property_name, floor_number, bedrooms, bathrooms, trent, trent_period, vacant_status) VALUES ('Unit 4', 'Residential', 22, 2, 4, 3, '3048', 'Monthly', 0);
INSERT INTO unit (unit_name, unit_type, property_name, floor_number, bedrooms, bathrooms, trent, trent_period, vacant_status) VALUES ('Unit 5', 'Residential', 22, 4, 3, 2, '1801', 'Monthly', 1);
INSERT INTO unit (unit_name, unit_type, property_name, floor_number, bedrooms, bathrooms, trent, trent_period, vacant_status) VALUES ('Unit 1', 'Residential', 23, 3, 1, 1, '2518', 'Monthly', 0);
INSERT INTO unit (unit_name, unit_type, property_name, floor_number, bedrooms, bathrooms, trent, trent_period, vacant_status) VALUES ('Unit 2', 'Residential', 23, 1, 3, 3, '2655', 'Monthly', 1);
INSERT INTO unit (unit_name, unit_type, property_name, floor_number, bedrooms, bathrooms, trent, trent_period, vacant_status) VALUES ('Unit 3', 'Residential', 23, 3, 3, 3, '2069', 'Monthly', 1);
INSERT INTO unit (unit_name, unit_type, property_name, floor_number, bedrooms, bathrooms, trent, trent_period, vacant_status) VALUES ('Unit 4', 'Residential', 23, 3, 4, 2, '1840', 'Monthly', 1);
INSERT INTO unit (unit_name, unit_type, property_name, floor_number, bedrooms, bathrooms, trent, trent_period, vacant_status) VALUES ('Unit 5', 'Residential', 23, 3, 2, 3, '3378', 'Monthly', 1);
INSERT INTO unit (unit_name, unit_type, property_name, floor_number, bedrooms, bathrooms, trent, trent_period, vacant_status) VALUES ('Unit 6', 'Residential', 23, 4, 4, 3, '825', 'Monthly', 0);
INSERT INTO unit (unit_name, unit_type, property_name, floor_number, bedrooms, bathrooms, trent, trent_period, vacant_status) VALUES ('Unit 7', 'Residential', 23, 1, 4, 3, '3177', 'Monthly', 1);
INSERT INTO unit (unit_name, unit_type, property_name, floor_number, bedrooms, bathrooms, trent, trent_period, vacant_status) VALUES ('Unit 8', 'Residential', 23, 5, 2, 1, '2737', 'Monthly', 1);
INSERT INTO unit (unit_name, unit_type, property_name, floor_number, bedrooms, bathrooms, trent, trent_period, vacant_status) VALUES ('Unit 9', 'Residential', 23, 4, 3, 2, '1263', 'Monthly', 1);
INSERT INTO unit (unit_name, unit_type, property_name, floor_number, bedrooms, bathrooms, trent, trent_period, vacant_status) VALUES ('Unit 10', 'Residential', 23, 5, 2, 2, '2445', 'Monthly', 1);
INSERT INTO unit (unit_name, unit_type, property_name, floor_number, bedrooms, bathrooms, trent, trent_period, vacant_status) VALUES ('Unit 1', 'Residential', 24, 1, 1, 2, '1397', 'Monthly', 0);
INSERT INTO unit (unit_name, unit_type, property_name, floor_number, bedrooms, bathrooms, trent, trent_period, vacant_status) VALUES ('Unit 2', 'Residential', 24, 2, 4, 2, '1491', 'Monthly', 0);
INSERT INTO unit (unit_name, unit_type, property_name, floor_number, bedrooms, bathrooms, trent, trent_period, vacant_status) VALUES ('Unit 3', 'Residential', 24, 3, 3, 3, '2708', 'Monthly', 1);
INSERT INTO unit (unit_name, unit_type, property_name, floor_number, bedrooms, bathrooms, trent, trent_period, vacant_status) VALUES ('Unit 4', 'Residential', 24, 2, 2, 2, '2344', 'Monthly', 1);
INSERT INTO unit (unit_name, unit_type, property_name, floor_number, bedrooms, bathrooms, trent, trent_period, vacant_status) VALUES ('Unit 5', 'Residential', 24, 5, 4, 3, '2622', 'Monthly', 0);
INSERT INTO unit (unit_name, unit_type, property_name, floor_number, bedrooms, bathrooms, trent, trent_period, vacant_status) VALUES ('Unit 6', 'Residential', 24, 3, 2, 2, '1285', 'Monthly', 0);
INSERT INTO unit (unit_name, unit_type, property_name, floor_number, bedrooms, bathrooms, trent, trent_period, vacant_status) VALUES ('Unit 7', 'Residential', 24, 5, 4, 2, '1535', 'Monthly', 0);
INSERT INTO unit (unit_name, unit_type, property_name, floor_number, bedrooms, bathrooms, trent, trent_period, vacant_status) VALUES ('Unit 8', 'Residential', 24, 1, 2, 3, '3016', 'Monthly', 1);
INSERT INTO unit (unit_name, unit_type, property_name, floor_number, bedrooms, bathrooms, trent, trent_period, vacant_status) VALUES ('Unit 9', 'Residential', 24, 2, 1, 1, '2021', 'Monthly', 1);
INSERT INTO unit (unit_name, unit_type, property_name, floor_number, bedrooms, bathrooms, trent, trent_period, vacant_status) VALUES ('Unit 10', 'Residential', 24, 2, 3, 2, '1379', 'Monthly', 1);
INSERT INTO unit (unit_name, unit_type, property_name, floor_number, bedrooms, bathrooms, trent, trent_period, vacant_status) VALUES ('Unit 1', 'Residential', 25, 2, 1, 3, '2536', 'Monthly', 0);
INSERT INTO unit (unit_name, unit_type, property_name, floor_number, bedrooms, bathrooms, trent, trent_period, vacant_status) VALUES ('Unit 2', 'Residential', 25, 3, 3, 1, '3414', 'Monthly', 0);
INSERT INTO unit (unit_name, unit_type, property_name, floor_number, bedrooms, bathrooms, trent, trent_period, vacant_status) VALUES ('Unit 3', 'Residential', 25, 3, 3, 3, '1075', 'Monthly', 1);
INSERT INTO unit (unit_name, unit_type, property_name, floor_number, bedrooms, bathrooms, trent, trent_period, vacant_status) VALUES ('Unit 4', 'Residential', 25, 2, 2, 3, '1948', 'Monthly', 0);
INSERT INTO unit (unit_name, unit_type, property_name, floor_number, bedrooms, bathrooms, trent, trent_period, vacant_status) VALUES ('Unit 5', 'Residential', 25, 4, 4, 3, '1890', 'Monthly', 0);
INSERT INTO unit (unit_name, unit_type, property_name, floor_number, bedrooms, bathrooms, trent, trent_period, vacant_status) VALUES ('Unit 6', 'Residential', 25, 2, 1, 3, '1640', 'Monthly', 0);
INSERT INTO unit (unit_name, unit_type, property_name, floor_number, bedrooms, bathrooms, trent, trent_period, vacant_status) VALUES ('Unit 7', 'Residential', 25, 3, 1, 3, '2581', 'Monthly', 0);
INSERT INTO unit (unit_name, unit_type, property_name, floor_number, bedrooms, bathrooms, trent, trent_period, vacant_status) VALUES ('Unit 8', 'Residential', 25, 1, 4, 3, '2854', 'Monthly', 0);
INSERT INTO unit (unit_name, unit_type, property_name, floor_number, bedrooms, bathrooms, trent, trent_period, vacant_status) VALUES ('Unit 9', 'Residential', 25, 1, 2, 2, '2978', 'Monthly', 1);
INSERT INTO unit (unit_name, unit_type, property_name, floor_number, bedrooms, bathrooms, trent, trent_period, vacant_status) VALUES ('Unit 1', 'Residential', 26, 5, 1, 2, '1769', 'Monthly', 0);
INSERT INTO unit (unit_name, unit_type, property_name, floor_number, bedrooms, bathrooms, trent, trent_period, vacant_status) VALUES ('Unit 2', 'Residential', 26, 1, 3, 1, '2025', 'Monthly', 1);
INSERT INTO unit (unit_name, unit_type, property_name, floor_number, bedrooms, bathrooms, trent, trent_period, vacant_status) VALUES ('Unit 3', 'Residential', 26, 3, 1, 1, '3059', 'Monthly', 0);
INSERT INTO unit (unit_name, unit_type, property_name, floor_number, bedrooms, bathrooms, trent, trent_period, vacant_status) VALUES ('Unit 4', 'Residential', 26, 5, 4, 2, '1039', 'Monthly', 0);
INSERT INTO unit (unit_name, unit_type, property_name, floor_number, bedrooms, bathrooms, trent, trent_period, vacant_status) VALUES ('Unit 5', 'Residential', 26, 2, 4, 1, '913', 'Monthly', 1);
INSERT INTO unit (unit_name, unit_type, property_name, floor_number, bedrooms, bathrooms, trent, trent_period, vacant_status) VALUES ('Unit 6', 'Residential', 26, 2, 4, 2, '2306', 'Monthly', 0);
INSERT INTO unit (unit_name, unit_type, property_name, floor_number, bedrooms, bathrooms, trent, trent_period, vacant_status) VALUES ('Unit 7', 'Residential', 26, 3, 1, 3, '1962', 'Monthly', 0);
INSERT INTO unit (unit_name, unit_type, property_name, floor_number, bedrooms, bathrooms, trent, trent_period, vacant_status) VALUES ('Unit 1', 'Residential', 27, 5, 3, 1, '2814', 'Monthly', 1);
INSERT INTO unit (unit_name, unit_type, property_name, floor_number, bedrooms, bathrooms, trent, trent_period, vacant_status) VALUES ('Unit 2', 'Residential', 27, 5, 4, 3, '3274', 'Monthly', 1);
INSERT INTO unit (unit_name, unit_type, property_name, floor_number, bedrooms, bathrooms, trent, trent_period, vacant_status) VALUES ('Unit 3', 'Residential', 27, 2, 2, 2, '1985', 'Monthly', 1);
INSERT INTO unit (unit_name, unit_type, property_name, floor_number, bedrooms, bathrooms, trent, trent_period, vacant_status) VALUES ('Unit 4', 'Residential', 27, 2, 1, 2, '2406', 'Monthly', 0);
INSERT INTO unit (unit_name, unit_type, property_name, floor_number, bedrooms, bathrooms, trent, trent_period, vacant_status) VALUES ('Unit 5', 'Residential', 27, 3, 1, 1, '2808', 'Monthly', 0);
INSERT INTO unit (unit_name, unit_type, property_name, floor_number, bedrooms, bathrooms, trent, trent_period, vacant_status) VALUES ('Unit 6', 'Residential', 27, 1, 3, 3, '2016', 'Monthly', 0);
INSERT INTO unit (unit_name, unit_type, property_name, floor_number, bedrooms, bathrooms, trent, trent_period, vacant_status) VALUES ('Unit 7', 'Residential', 27, 2, 4, 2, '1561', 'Monthly', 1);
INSERT INTO unit (unit_name, unit_type, property_name, floor_number, bedrooms, bathrooms, trent, trent_period, vacant_status) VALUES ('Unit 1', 'Residential', 28, 2, 2, 3, '1867', 'Monthly', 1);
INSERT INTO unit (unit_name, unit_type, property_name, floor_number, bedrooms, bathrooms, trent, trent_period, vacant_status) VALUES ('Unit 2', 'Residential', 28, 2, 2, 3, '842', 'Monthly', 0);
INSERT INTO unit (unit_name, unit_type, property_name, floor_number, bedrooms, bathrooms, trent, trent_period, vacant_status) VALUES ('Unit 3', 'Residential', 28, 3, 4, 3, '3013', 'Monthly', 1);
INSERT INTO unit (unit_name, unit_type, property_name, floor_number, bedrooms, bathrooms, trent, trent_period, vacant_status) VALUES ('Unit 4', 'Residential', 28, 2, 2, 1, '2277', 'Monthly', 0);
INSERT INTO unit (unit_name, unit_type, property_name, floor_number, bedrooms, bathrooms, trent, trent_period, vacant_status) VALUES ('Unit 5', 'Residential', 28, 2, 4, 3, '1460', 'Monthly', 0);
INSERT INTO unit (unit_name, unit_type, property_name, floor_number, bedrooms, bathrooms, trent, trent_period, vacant_status) VALUES ('Unit 6', 'Residential', 28, 5, 2, 2, '3109', 'Monthly', 1);
INSERT INTO unit (unit_name, unit_type, property_name, floor_number, bedrooms, bathrooms, trent, trent_period, vacant_status) VALUES ('Unit 7', 'Residential', 28, 4, 3, 3, '2212', 'Monthly', 0);
INSERT INTO unit (unit_name, unit_type, property_name, floor_number, bedrooms, bathrooms, trent, trent_period, vacant_status) VALUES ('Unit 8', 'Residential', 28, 4, 3, 3, '1941', 'Monthly', 0);
INSERT INTO unit (unit_name, unit_type, property_name, floor_number, bedrooms, bathrooms, trent, trent_period, vacant_status) VALUES ('Unit 9', 'Residential', 28, 1, 4, 2, '835', 'Monthly', 0);
INSERT INTO unit (unit_name, unit_type, property_name, floor_number, bedrooms, bathrooms, trent, trent_period, vacant_status) VALUES ('Unit 10', 'Residential', 28, 4, 3, 1, '2232', 'Monthly', 1);
INSERT INTO unit (unit_name, unit_type, property_name, floor_number, bedrooms, bathrooms, trent, trent_period, vacant_status) VALUES ('Unit 1', 'Residential', 29, 1, 2, 1, '2301', 'Monthly', 0);
INSERT INTO unit (unit_name, unit_type, property_name, floor_number, bedrooms, bathrooms, trent, trent_period, vacant_status) VALUES ('Unit 2', 'Residential', 29, 2, 4, 2, '848', 'Monthly', 1);
INSERT INTO unit (unit_name, unit_type, property_name, floor_number, bedrooms, bathrooms, trent, trent_period, vacant_status) VALUES ('Unit 3', 'Residential', 29, 2, 1, 3, '1691', 'Monthly', 1);
INSERT INTO unit (unit_name, unit_type, property_name, floor_number, bedrooms, bathrooms, trent, trent_period, vacant_status) VALUES ('Unit 4', 'Residential', 29, 1, 2, 3, '3412', 'Monthly', 0);
INSERT INTO unit (unit_name, unit_type, property_name, floor_number, bedrooms, bathrooms, trent, trent_period, vacant_status) VALUES ('Unit 5', 'Residential', 29, 1, 3, 1, '2657', 'Monthly', 1);
INSERT INTO unit (unit_name, unit_type, property_name, floor_number, bedrooms, bathrooms, trent, trent_period, vacant_status) VALUES ('Unit 6', 'Residential', 29, 4, 1, 3, '1467', 'Monthly', 1);
INSERT INTO unit (unit_name, unit_type, property_name, floor_number, bedrooms, bathrooms, trent, trent_period, vacant_status) VALUES ('Unit 7', 'Residential', 29, 3, 1, 1, '3296', 'Monthly', 0);
INSERT INTO unit (unit_name, unit_type, property_name, floor_number, bedrooms, bathrooms, trent, trent_period, vacant_status) VALUES ('Unit 8', 'Residential', 29, 3, 3, 2, '2590', 'Monthly', 0);
INSERT INTO unit (unit_name, unit_type, property_name, floor_number, bedrooms, bathrooms, trent, trent_period, vacant_status) VALUES ('Unit 9', 'Residential', 29, 5, 3, 3, '1983', 'Monthly', 1);
INSERT INTO unit (unit_name, unit_type, property_name, floor_number, bedrooms, bathrooms, trent, trent_period, vacant_status) VALUES ('Unit 10', 'Residential', 29, 1, 2, 1, '2866', 'Monthly', 0);
INSERT INTO unit (unit_name, unit_type, property_name, floor_number, bedrooms, bathrooms, trent, trent_period, vacant_status) VALUES ('Unit 1', 'Residential', 30, 5, 2, 2, '2780', 'Monthly', 0);
INSERT INTO unit (unit_name, unit_type, property_name, floor_number, bedrooms, bathrooms, trent, trent_period, vacant_status) VALUES ('Unit 2', 'Residential', 30, 1, 4, 1, '2816', 'Monthly', 0);
INSERT INTO unit (unit_name, unit_type, property_name, floor_number, bedrooms, bathrooms, trent, trent_period, vacant_status) VALUES ('Unit 3', 'Residential', 30, 5, 4, 2, '1109', 'Monthly', 1);
INSERT INTO unit (unit_name, unit_type, property_name, floor_number, bedrooms, bathrooms, trent, trent_period, vacant_status) VALUES ('Unit 4', 'Residential', 30, 4, 3, 3, '2254', 'Monthly', 0);
INSERT INTO unit (unit_name, unit_type, property_name, floor_number, bedrooms, bathrooms, trent, trent_period, vacant_status) VALUES ('Unit 1', 'Residential', 31, 3, 3, 3, '1149', 'Monthly', 1);
INSERT INTO unit (unit_name, unit_type, property_name, floor_number, bedrooms, bathrooms, trent, trent_period, vacant_status) VALUES ('Unit 2', 'Residential', 31, 5, 1, 2, '1606', 'Monthly', 0);
INSERT INTO unit (unit_name, unit_type, property_name, floor_number, bedrooms, bathrooms, trent, trent_period, vacant_status) VALUES ('Unit 3', 'Residential', 31, 1, 3, 3, '2471', 'Monthly', 0);
INSERT INTO unit (unit_name, unit_type, property_name, floor_number, bedrooms, bathrooms, trent, trent_period, vacant_status) VALUES ('Unit 4', 'Residential', 31, 1, 2, 2, '3329', 'Monthly', 1);
INSERT INTO unit (unit_name, unit_type, property_name, floor_number, bedrooms, bathrooms, trent, trent_period, vacant_status) VALUES ('Unit 5', 'Residential', 31, 4, 4, 1, '3333', 'Monthly', 1);
INSERT INTO unit (unit_name, unit_type, property_name, floor_number, bedrooms, bathrooms, trent, trent_period, vacant_status) VALUES ('Unit 6', 'Residential', 31, 4, 1, 2, '1503', 'Monthly', 1);
INSERT INTO unit (unit_name, unit_type, property_name, floor_number, bedrooms, bathrooms, trent, trent_period, vacant_status) VALUES ('Unit 1', 'Residential', 32, 4, 1, 1, '2177', 'Monthly', 0);
INSERT INTO unit (unit_name, unit_type, property_name, floor_number, bedrooms, bathrooms, trent, trent_period, vacant_status) VALUES ('Unit 2', 'Residential', 32, 2, 1, 1, '964', 'Monthly', 1);
INSERT INTO unit (unit_name, unit_type, property_name, floor_number, bedrooms, bathrooms, trent, trent_period, vacant_status) VALUES ('Unit 3', 'Residential', 32, 4, 3, 2, '1927', 'Monthly', 0);
INSERT INTO unit (unit_name, unit_type, property_name, floor_number, bedrooms, bathrooms, trent, trent_period, vacant_status) VALUES ('Unit 4', 'Residential', 32, 3, 2, 2, '1739', 'Monthly', 1);
INSERT INTO unit (unit_name, unit_type, property_name, floor_number, bedrooms, bathrooms, trent, trent_period, vacant_status) VALUES ('Unit 5', 'Residential', 32, 1, 2, 2, '1938', 'Monthly', 1);
INSERT INTO unit (unit_name, unit_type, property_name, floor_number, bedrooms, bathrooms, trent, trent_period, vacant_status) VALUES ('Unit 6', 'Residential', 32, 4, 1, 2, '1432', 'Monthly', 0);
INSERT INTO unit (unit_name, unit_type, property_name, floor_number, bedrooms, bathrooms, trent, trent_period, vacant_status) VALUES ('Unit 7', 'Residential', 32, 5, 1, 1, '2446', 'Monthly', 0);
INSERT INTO unit (unit_name, unit_type, property_name, floor_number, bedrooms, bathrooms, trent, trent_period, vacant_status) VALUES ('Unit 1', 'Residential', 33, 1, 2, 1, '1525', 'Monthly', 0);
INSERT INTO unit (unit_name, unit_type, property_name, floor_number, bedrooms, bathrooms, trent, trent_period, vacant_status) VALUES ('Unit 2', 'Residential', 33, 4, 1, 1, '1179', 'Monthly', 1);
INSERT INTO unit (unit_name, unit_type, property_name, floor_number, bedrooms, bathrooms, trent, trent_period, vacant_status) VALUES ('Unit 3', 'Residential', 33, 3, 1, 2, '3307', 'Monthly', 1);
INSERT INTO unit (unit_name, unit_type, property_name, floor_number, bedrooms, bathrooms, trent, trent_period, vacant_status) VALUES ('Unit 4', 'Residential', 33, 1, 2, 3, '2512', 'Monthly', 1);
INSERT INTO unit (unit_name, unit_type, property_name, floor_number, bedrooms, bathrooms, trent, trent_period, vacant_status) VALUES ('Unit 5', 'Residential', 33, 1, 1, 1, '1691', 'Monthly', 1);
INSERT INTO unit (unit_name, unit_type, property_name, floor_number, bedrooms, bathrooms, trent, trent_period, vacant_status) VALUES ('Unit 6', 'Residential', 33, 1, 1, 2, '2603', 'Monthly', 0);
INSERT INTO unit (unit_name, unit_type, property_name, floor_number, bedrooms, bathrooms, trent, trent_period, vacant_status) VALUES ('Unit 7', 'Residential', 33, 2, 1, 2, '950', 'Monthly', 0);
INSERT INTO unit (unit_name, unit_type, property_name, floor_number, bedrooms, bathrooms, trent, trent_period, vacant_status) VALUES ('Unit 1', 'Residential', 34, 2, 3, 2, '1047', 'Monthly', 0);
INSERT INTO unit (unit_name, unit_type, property_name, floor_number, bedrooms, bathrooms, trent, trent_period, vacant_status) VALUES ('Unit 2', 'Residential', 34, 4, 1, 3, '1337', 'Monthly', 1);
INSERT INTO unit (unit_name, unit_type, property_name, floor_number, bedrooms, bathrooms, trent, trent_period, vacant_status) VALUES ('Unit 3', 'Residential', 34, 5, 3, 3, '2480', 'Monthly', 1);
INSERT INTO unit (unit_name, unit_type, property_name, floor_number, bedrooms, bathrooms, trent, trent_period, vacant_status) VALUES ('Unit 4', 'Residential', 34, 2, 3, 3, '1894', 'Monthly', 1);
INSERT INTO unit (unit_name, unit_type, property_name, floor_number, bedrooms, bathrooms, trent, trent_period, vacant_status) VALUES ('Unit 5', 'Residential', 34, 3, 4, 2, '835', 'Monthly', 0);
INSERT INTO unit (unit_name, unit_type, property_name, floor_number, bedrooms, bathrooms, trent, trent_period, vacant_status) VALUES ('Unit 6', 'Residential', 34, 4, 4, 1, '2797', 'Monthly', 0);
INSERT INTO unit (unit_name, unit_type, property_name, floor_number, bedrooms, bathrooms, trent, trent_period, vacant_status) VALUES ('Unit 1', 'Residential', 35, 1, 1, 2, '3230', 'Monthly', 1);
INSERT INTO unit (unit_name, unit_type, property_name, floor_number, bedrooms, bathrooms, trent, trent_period, vacant_status) VALUES ('Unit 2', 'Residential', 35, 5, 2, 3, '975', 'Monthly', 0);
INSERT INTO unit (unit_name, unit_type, property_name, floor_number, bedrooms, bathrooms, trent, trent_period, vacant_status) VALUES ('Unit 3', 'Residential', 35, 1, 1, 1, '2629', 'Monthly', 0);
INSERT INTO unit (unit_name, unit_type, property_name, floor_number, bedrooms, bathrooms, trent, trent_period, vacant_status) VALUES ('Unit 4', 'Residential', 35, 3, 4, 3, '2606', 'Monthly', 1);
INSERT INTO unit (unit_name, unit_type, property_name, floor_number, bedrooms, bathrooms, trent, trent_period, vacant_status) VALUES ('Unit 5', 'Residential', 35, 5, 4, 3, '3150', 'Monthly', 0);
INSERT INTO unit (unit_name, unit_type, property_name, floor_number, bedrooms, bathrooms, trent, trent_period, vacant_status) VALUES ('Unit 1', 'Residential', 36, 1, 3, 2, '2780', 'Monthly', 0);
INSERT INTO unit (unit_name, unit_type, property_name, floor_number, bedrooms, bathrooms, trent, trent_period, vacant_status) VALUES ('Unit 2', 'Residential', 36, 3, 4, 2, '2705', 'Monthly', 0);
INSERT INTO unit (unit_name, unit_type, property_name, floor_number, bedrooms, bathrooms, trent, trent_period, vacant_status) VALUES ('Unit 3', 'Residential', 36, 5, 1, 1, '2384', 'Monthly', 1);
INSERT INTO unit (unit_name, unit_type, property_name, floor_number, bedrooms, bathrooms, trent, trent_period, vacant_status) VALUES ('Unit 4', 'Residential', 36, 4, 1, 3, '1209', 'Monthly', 1);
INSERT INTO unit (unit_name, unit_type, property_name, floor_number, bedrooms, bathrooms, trent, trent_period, vacant_status) VALUES ('Unit 5', 'Residential', 36, 2, 1, 1, '2470', 'Monthly', 1);
INSERT INTO unit (unit_name, unit_type, property_name, floor_number, bedrooms, bathrooms, trent, trent_period, vacant_status) VALUES ('Unit 6', 'Residential', 36, 3, 2, 1, '2116', 'Monthly', 1);
INSERT INTO unit (unit_name, unit_type, property_name, floor_number, bedrooms, bathrooms, trent, trent_period, vacant_status) VALUES ('Unit 7', 'Residential', 36, 2, 1, 3, '2486', 'Monthly', 0);
INSERT INTO unit (unit_name, unit_type, property_name, floor_number, bedrooms, bathrooms, trent, trent_period, vacant_status) VALUES ('Unit 1', 'Residential', 37, 1, 1, 3, '1511', 'Monthly', 0);
INSERT INTO unit (unit_name, unit_type, property_name, floor_number, bedrooms, bathrooms, trent, trent_period, vacant_status) VALUES ('Unit 2', 'Residential', 37, 5, 2, 1, '1104', 'Monthly', 1);
INSERT INTO unit (unit_name, unit_type, property_name, floor_number, bedrooms, bathrooms, trent, trent_period, vacant_status) VALUES ('Unit 3', 'Residential', 37, 5, 1, 2, '2831', 'Monthly', 1);
INSERT INTO unit (unit_name, unit_type, property_name, floor_number, bedrooms, bathrooms, trent, trent_period, vacant_status) VALUES ('Unit 4', 'Residential', 37, 1, 4, 1, '2104', 'Monthly', 0);
INSERT INTO unit (unit_name, unit_type, property_name, floor_number, bedrooms, bathrooms, trent, trent_period, vacant_status) VALUES ('Unit 5', 'Residential', 37, 3, 4, 2, '2562', 'Monthly', 0);
INSERT INTO unit (unit_name, unit_type, property_name, floor_number, bedrooms, bathrooms, trent, trent_period, vacant_status) VALUES ('Unit 6', 'Residential', 37, 2, 3, 1, '998', 'Monthly', 0);
INSERT INTO unit (unit_name, unit_type, property_name, floor_number, bedrooms, bathrooms, trent, trent_period, vacant_status) VALUES ('Unit 7', 'Residential', 37, 5, 4, 3, '1248', 'Monthly', 0);
INSERT INTO unit (unit_name, unit_type, property_name, floor_number, bedrooms, bathrooms, trent, trent_period, vacant_status) VALUES ('Unit 1', 'Residential', 38, 3, 3, 2, '2642', 'Monthly', 0);
INSERT INTO unit (unit_name, unit_type, property_name, floor_number, bedrooms, bathrooms, trent, trent_period, vacant_status) VALUES ('Unit 2', 'Residential', 38, 4, 4, 3, '3411', 'Monthly', 0);
INSERT INTO unit (unit_name, unit_type, property_name, floor_number, bedrooms, bathrooms, trent, trent_period, vacant_status) VALUES ('Unit 3', 'Residential', 38, 2, 1, 3, '1705', 'Monthly', 1);
INSERT INTO unit (unit_name, unit_type, property_name, floor_number, bedrooms, bathrooms, trent, trent_period, vacant_status) VALUES ('Unit 4', 'Residential', 38, 3, 3, 2, '2252', 'Monthly', 0);
INSERT INTO unit (unit_name, unit_type, property_name, floor_number, bedrooms, bathrooms, trent, trent_period, vacant_status) VALUES ('Unit 5', 'Residential', 38, 5, 3, 3, '1044', 'Monthly', 1);
INSERT INTO unit (unit_name, unit_type, property_name, floor_number, bedrooms, bathrooms, trent, trent_period, vacant_status) VALUES ('Unit 6', 'Residential', 38, 5, 2, 2, '890', 'Monthly', 0);
INSERT INTO unit (unit_name, unit_type, property_name, floor_number, bedrooms, bathrooms, trent, trent_period, vacant_status) VALUES ('Unit 7', 'Residential', 38, 2, 3, 1, '2407', 'Monthly', 0);
INSERT INTO unit (unit_name, unit_type, property_name, floor_number, bedrooms, bathrooms, trent, trent_period, vacant_status) VALUES ('Unit 8', 'Residential', 38, 3, 3, 2, '878', 'Monthly', 0);
INSERT INTO unit (unit_name, unit_type, property_name, floor_number, bedrooms, bathrooms, trent, trent_period, vacant_status) VALUES ('Unit 1', 'Residential', 39, 1, 4, 1, '1183', 'Monthly', 1);
INSERT INTO unit (unit_name, unit_type, property_name, floor_number, bedrooms, bathrooms, trent, trent_period, vacant_status) VALUES ('Unit 2', 'Residential', 39, 4, 4, 2, '3306', 'Monthly', 0);
INSERT INTO unit (unit_name, unit_type, property_name, floor_number, bedrooms, bathrooms, trent, trent_period, vacant_status) VALUES ('Unit 3', 'Residential', 39, 1, 1, 1, '1936', 'Monthly', 0);
INSERT INTO unit (unit_name, unit_type, property_name, floor_number, bedrooms, bathrooms, trent, trent_period, vacant_status) VALUES ('Unit 4', 'Residential', 39, 2, 4, 1, '1338', 'Monthly', 1);
INSERT INTO unit (unit_name, unit_type, property_name, floor_number, bedrooms, bathrooms, trent, trent_period, vacant_status) VALUES ('Unit 5', 'Residential', 39, 1, 3, 3, '1108', 'Monthly', 0);
INSERT INTO unit (unit_name, unit_type, property_name, floor_number, bedrooms, bathrooms, trent, trent_period, vacant_status) VALUES ('Unit 6', 'Residential', 39, 2, 2, 2, '2109', 'Monthly', 0);
INSERT INTO unit (unit_name, unit_type, property_name, floor_number, bedrooms, bathrooms, trent, trent_period, vacant_status) VALUES ('Unit 7', 'Residential', 39, 5, 4, 2, '2809', 'Monthly', 0);
INSERT INTO unit (unit_name, unit_type, property_name, floor_number, bedrooms, bathrooms, trent, trent_period, vacant_status) VALUES ('Unit 8', 'Residential', 39, 3, 3, 2, '3091', 'Monthly', 1);
INSERT INTO unit (unit_name, unit_type, property_name, floor_number, bedrooms, bathrooms, trent, trent_period, vacant_status) VALUES ('Unit 9', 'Residential', 39, 4, 3, 3, '1052', 'Monthly', 1);
INSERT INTO unit (unit_name, unit_type, property_name, floor_number, bedrooms, bathrooms, trent, trent_period, vacant_status) VALUES ('Unit 1', 'Residential', 40, 1, 2, 2, '1295', 'Monthly', 0);
INSERT INTO unit (unit_name, unit_type, property_name, floor_number, bedrooms, bathrooms, trent, trent_period, vacant_status) VALUES ('Unit 2', 'Residential', 40, 3, 4, 3, '2492', 'Monthly', 0);
INSERT INTO unit (unit_name, unit_type, property_name, floor_number, bedrooms, bathrooms, trent, trent_period, vacant_status) VALUES ('Unit 3', 'Residential', 40, 1, 3, 3, '2451', 'Monthly', 0);
INSERT INTO unit (unit_name, unit_type, property_name, floor_number, bedrooms, bathrooms, trent, trent_period, vacant_status) VALUES ('Unit 4', 'Residential', 40, 3, 4, 2, '2932', 'Monthly', 1);
INSERT INTO unit (unit_name, unit_type, property_name, floor_number, bedrooms, bathrooms, trent, trent_period, vacant_status) VALUES ('Unit 5', 'Residential', 40, 4, 4, 1, '3114', 'Monthly', 0);
INSERT INTO unit (unit_name, unit_type, property_name, floor_number, bedrooms, bathrooms, trent, trent_period, vacant_status) VALUES ('Unit 6', 'Residential', 40, 1, 4, 3, '2019', 'Monthly', 1);
INSERT INTO unit (unit_name, unit_type, property_name, floor_number, bedrooms, bathrooms, trent, trent_period, vacant_status) VALUES ('Unit 7', 'Residential', 40, 3, 2, 2, '1640', 'Monthly', 1);
INSERT INTO unit (unit_name, unit_type, property_name, floor_number, bedrooms, bathrooms, trent, trent_period, vacant_status) VALUES ('Unit 8', 'Residential', 40, 2, 1, 3, '1803', 'Monthly', 0);
INSERT INTO unit (unit_name, unit_type, property_name, floor_number, bedrooms, bathrooms, trent, trent_period, vacant_status) VALUES ('Unit 9', 'Residential', 40, 2, 2, 1, '1702', 'Monthly', 0);
INSERT INTO unit (unit_name, unit_type, property_name, floor_number, bedrooms, bathrooms, trent, trent_period, vacant_status) VALUES ('Unit 10', 'Residential', 40, 3, 4, 3, '3284', 'Monthly', 0);
INSERT INTO unit (unit_name, unit_type, property_name, floor_number, bedrooms, bathrooms, trent, trent_period, vacant_status) VALUES ('Unit 1', 'Residential', 41, 1, 3, 2, '2804', 'Monthly', 0);
INSERT INTO unit (unit_name, unit_type, property_name, floor_number, bedrooms, bathrooms, trent, trent_period, vacant_status) VALUES ('Unit 2', 'Residential', 41, 3, 4, 2, '1920', 'Monthly', 1);
INSERT INTO unit (unit_name, unit_type, property_name, floor_number, bedrooms, bathrooms, trent, trent_period, vacant_status) VALUES ('Unit 3', 'Residential', 41, 3, 1, 3, '3151', 'Monthly', 1);
INSERT INTO unit (unit_name, unit_type, property_name, floor_number, bedrooms, bathrooms, trent, trent_period, vacant_status) VALUES ('Unit 4', 'Residential', 41, 5, 4, 1, '3295', 'Monthly', 1);
INSERT INTO unit (unit_name, unit_type, property_name, floor_number, bedrooms, bathrooms, trent, trent_period, vacant_status) VALUES ('Unit 5', 'Residential', 41, 3, 2, 1, '3204', 'Monthly', 1);
INSERT INTO unit (unit_name, unit_type, property_name, floor_number, bedrooms, bathrooms, trent, trent_period, vacant_status) VALUES ('Unit 6', 'Residential', 41, 1, 3, 2, '3098', 'Monthly', 0);
INSERT INTO unit (unit_name, unit_type, property_name, floor_number, bedrooms, bathrooms, trent, trent_period, vacant_status) VALUES ('Unit 7', 'Residential', 41, 5, 3, 2, '3266', 'Monthly', 1);
INSERT INTO unit (unit_name, unit_type, property_name, floor_number, bedrooms, bathrooms, trent, trent_period, vacant_status) VALUES ('Unit 8', 'Residential', 41, 3, 3, 3, '3363', 'Monthly', 1);
INSERT INTO unit (unit_name, unit_type, property_name, floor_number, bedrooms, bathrooms, trent, trent_period, vacant_status) VALUES ('Unit 1', 'Residential', 42, 4, 3, 2, '1511', 'Monthly', 0);
INSERT INTO unit (unit_name, unit_type, property_name, floor_number, bedrooms, bathrooms, trent, trent_period, vacant_status) VALUES ('Unit 2', 'Residential', 42, 4, 4, 1, '1914', 'Monthly', 0);
INSERT INTO unit (unit_name, unit_type, property_name, floor_number, bedrooms, bathrooms, trent, trent_period, vacant_status) VALUES ('Unit 3', 'Residential', 42, 1, 4, 3, '1676', 'Monthly', 0);
INSERT INTO unit (unit_name, unit_type, property_name, floor_number, bedrooms, bathrooms, trent, trent_period, vacant_status) VALUES ('Unit 4', 'Residential', 42, 1, 2, 1, '1794', 'Monthly', 0);
INSERT INTO unit (unit_name, unit_type, property_name, floor_number, bedrooms, bathrooms, trent, trent_period, vacant_status) VALUES ('Unit 5', 'Residential', 42, 5, 3, 2, '2417', 'Monthly', 1);
INSERT INTO unit (unit_name, unit_type, property_name, floor_number, bedrooms, bathrooms, trent, trent_period, vacant_status) VALUES ('Unit 6', 'Residential', 42, 1, 3, 3, '823', 'Monthly', 1);
INSERT INTO unit (unit_name, unit_type, property_name, floor_number, bedrooms, bathrooms, trent, trent_period, vacant_status) VALUES ('Unit 7', 'Residential', 42, 3, 3, 2, '2587', 'Monthly', 1);
INSERT INTO unit (unit_name, unit_type, property_name, floor_number, bedrooms, bathrooms, trent, trent_period, vacant_status) VALUES ('Unit 8', 'Residential', 42, 5, 2, 3, '3274', 'Monthly', 1);
INSERT INTO unit (unit_name, unit_type, property_name, floor_number, bedrooms, bathrooms, trent, trent_period, vacant_status) VALUES ('Unit 9', 'Residential', 42, 5, 2, 2, '3011', 'Monthly', 1);
INSERT INTO unit (unit_name, unit_type, property_name, floor_number, bedrooms, bathrooms, trent, trent_period, vacant_status) VALUES ('Unit 10', 'Residential', 42, 5, 4, 1, '907', 'Monthly', 0);
INSERT INTO unit (unit_name, unit_type, property_name, floor_number, bedrooms, bathrooms, trent, trent_period, vacant_status) VALUES ('Unit 1', 'Residential', 43, 1, 1, 1, '2505', 'Monthly', 1);
INSERT INTO unit (unit_name, unit_type, property_name, floor_number, bedrooms, bathrooms, trent, trent_period, vacant_status) VALUES ('Unit 2', 'Residential', 43, 4, 1, 3, '2996', 'Monthly', 1);
INSERT INTO unit (unit_name, unit_type, property_name, floor_number, bedrooms, bathrooms, trent, trent_period, vacant_status) VALUES ('Unit 3', 'Residential', 43, 4, 2, 3, '2096', 'Monthly', 1);
INSERT INTO unit (unit_name, unit_type, property_name, floor_number, bedrooms, bathrooms, trent, trent_period, vacant_status) VALUES ('Unit 4', 'Residential', 43, 3, 3, 3, '3353', 'Monthly', 0);
INSERT INTO unit (unit_name, unit_type, property_name, floor_number, bedrooms, bathrooms, trent, trent_period, vacant_status) VALUES ('Unit 5', 'Residential', 43, 5, 2, 2, '2641', 'Monthly', 0);
INSERT INTO unit (unit_name, unit_type, property_name, floor_number, bedrooms, bathrooms, trent, trent_period, vacant_status) VALUES ('Unit 6', 'Residential', 43, 4, 4, 2, '2114', 'Monthly', 0);
INSERT INTO unit (unit_name, unit_type, property_name, floor_number, bedrooms, bathrooms, trent, trent_period, vacant_status) VALUES ('Unit 7', 'Residential', 43, 4, 2, 1, '924', 'Monthly', 1);
INSERT INTO unit (unit_name, unit_type, property_name, floor_number, bedrooms, bathrooms, trent, trent_period, vacant_status) VALUES ('Unit 8', 'Residential', 43, 5, 4, 2, '2091', 'Monthly', 1);
INSERT INTO unit (unit_name, unit_type, property_name, floor_number, bedrooms, bathrooms, trent, trent_period, vacant_status) VALUES ('Unit 9', 'Residential', 43, 5, 4, 3, '2872', 'Monthly', 0);
INSERT INTO unit (unit_name, unit_type, property_name, floor_number, bedrooms, bathrooms, trent, trent_period, vacant_status) VALUES ('Unit 1', 'Residential', 44, 1, 2, 1, '933', 'Monthly', 1);
INSERT INTO unit (unit_name, unit_type, property_name, floor_number, bedrooms, bathrooms, trent, trent_period, vacant_status) VALUES ('Unit 2', 'Residential', 44, 3, 4, 2, '1816', 'Monthly', 1);
INSERT INTO unit (unit_name, unit_type, property_name, floor_number, bedrooms, bathrooms, trent, trent_period, vacant_status) VALUES ('Unit 3', 'Residential', 44, 3, 4, 2, '1290', 'Monthly', 1);
INSERT INTO unit (unit_name, unit_type, property_name, floor_number, bedrooms, bathrooms, trent, trent_period, vacant_status) VALUES ('Unit 4', 'Residential', 44, 5, 4, 3, '1921', 'Monthly', 1);
INSERT INTO unit (unit_name, unit_type, property_name, floor_number, bedrooms, bathrooms, trent, trent_period, vacant_status) VALUES ('Unit 5', 'Residential', 44, 1, 4, 3, '1896', 'Monthly', 1);
INSERT INTO unit (unit_name, unit_type, property_name, floor_number, bedrooms, bathrooms, trent, trent_period, vacant_status) VALUES ('Unit 6', 'Residential', 44, 1, 1, 1, '3390', 'Monthly', 1);
INSERT INTO unit (unit_name, unit_type, property_name, floor_number, bedrooms, bathrooms, trent, trent_period, vacant_status) VALUES ('Unit 7', 'Residential', 44, 1, 3, 3, '3384', 'Monthly', 0);
INSERT INTO unit (unit_name, unit_type, property_name, floor_number, bedrooms, bathrooms, trent, trent_period, vacant_status) VALUES ('Unit 8', 'Residential', 44, 2, 3, 1, '911', 'Monthly', 1);
INSERT INTO unit (unit_name, unit_type, property_name, floor_number, bedrooms, bathrooms, trent, trent_period, vacant_status) VALUES ('Unit 9', 'Residential', 44, 4, 4, 3, '2856', 'Monthly', 0);
INSERT INTO unit (unit_name, unit_type, property_name, floor_number, bedrooms, bathrooms, trent, trent_period, vacant_status) VALUES ('Unit 1', 'Residential', 45, 5, 4, 1, '2221', 'Monthly', 0);
INSERT INTO unit (unit_name, unit_type, property_name, floor_number, bedrooms, bathrooms, trent, trent_period, vacant_status) VALUES ('Unit 2', 'Residential', 45, 4, 1, 3, '1906', 'Monthly', 1);
INSERT INTO unit (unit_name, unit_type, property_name, floor_number, bedrooms, bathrooms, trent, trent_period, vacant_status) VALUES ('Unit 3', 'Residential', 45, 3, 2, 3, '3340', 'Monthly', 0);
INSERT INTO unit (unit_name, unit_type, property_name, floor_number, bedrooms, bathrooms, trent, trent_period, vacant_status) VALUES ('Unit 4', 'Residential', 45, 5, 2, 2, '2480', 'Monthly', 1);
INSERT INTO unit (unit_name, unit_type, property_name, floor_number, bedrooms, bathrooms, trent, trent_period, vacant_status) VALUES ('Unit 1', 'Residential', 46, 1, 2, 3, '1800', 'Monthly', 0);
INSERT INTO unit (unit_name, unit_type, property_name, floor_number, bedrooms, bathrooms, trent, trent_period, vacant_status) VALUES ('Unit 2', 'Residential', 46, 3, 1, 1, '2425', 'Monthly', 1);
INSERT INTO unit (unit_name, unit_type, property_name, floor_number, bedrooms, bathrooms, trent, trent_period, vacant_status) VALUES ('Unit 3', 'Residential', 46, 5, 1, 2, '2370', 'Monthly', 0);
INSERT INTO unit (unit_name, unit_type, property_name, floor_number, bedrooms, bathrooms, trent, trent_period, vacant_status) VALUES ('Unit 4', 'Residential', 46, 5, 2, 1, '3094', 'Monthly', 1);
INSERT INTO unit (unit_name, unit_type, property_name, floor_number, bedrooms, bathrooms, trent, trent_period, vacant_status) VALUES ('Unit 5', 'Residential', 46, 3, 4, 3, '3277', 'Monthly', 1);
INSERT INTO unit (unit_name, unit_type, property_name, floor_number, bedrooms, bathrooms, trent, trent_period, vacant_status) VALUES ('Unit 6', 'Residential', 46, 4, 2, 2, '1801', 'Monthly', 0);
INSERT INTO unit (unit_name, unit_type, property_name, floor_number, bedrooms, bathrooms, trent, trent_period, vacant_status) VALUES ('Unit 1', 'Residential', 47, 3, 1, 2, '2313', 'Monthly', 1);
INSERT INTO unit (unit_name, unit_type, property_name, floor_number, bedrooms, bathrooms, trent, trent_period, vacant_status) VALUES ('Unit 2', 'Residential', 47, 3, 1, 1, '3400', 'Monthly', 1);
INSERT INTO unit (unit_name, unit_type, property_name, floor_number, bedrooms, bathrooms, trent, trent_period, vacant_status) VALUES ('Unit 3', 'Residential', 47, 5, 1, 1, '1834', 'Monthly', 1);
INSERT INTO unit (unit_name, unit_type, property_name, floor_number, bedrooms, bathrooms, trent, trent_period, vacant_status) VALUES ('Unit 4', 'Residential', 47, 4, 2, 3, '3089', 'Monthly', 0);
INSERT INTO unit (unit_name, unit_type, property_name, floor_number, bedrooms, bathrooms, trent, trent_period, vacant_status) VALUES ('Unit 5', 'Residential', 47, 2, 3, 2, '1801', 'Monthly', 0);
INSERT INTO unit (unit_name, unit_type, property_name, floor_number, bedrooms, bathrooms, trent, trent_period, vacant_status) VALUES ('Unit 6', 'Residential', 47, 2, 2, 2, '2483', 'Monthly', 0);
INSERT INTO unit (unit_name, unit_type, property_name, floor_number, bedrooms, bathrooms, trent, trent_period, vacant_status) VALUES ('Unit 7', 'Residential', 47, 5, 2, 2, '2567', 'Monthly', 0);
INSERT INTO unit (unit_name, unit_type, property_name, floor_number, bedrooms, bathrooms, trent, trent_period, vacant_status) VALUES ('Unit 1', 'Residential', 48, 1, 4, 2, '983', 'Monthly', 1);
INSERT INTO unit (unit_name, unit_type, property_name, floor_number, bedrooms, bathrooms, trent, trent_period, vacant_status) VALUES ('Unit 2', 'Residential', 48, 3, 4, 1, '2303', 'Monthly', 1);
INSERT INTO unit (unit_name, unit_type, property_name, floor_number, bedrooms, bathrooms, trent, trent_period, vacant_status) VALUES ('Unit 3', 'Residential', 48, 2, 3, 2, '2754', 'Monthly', 1);
INSERT INTO unit (unit_name, unit_type, property_name, floor_number, bedrooms, bathrooms, trent, trent_period, vacant_status) VALUES ('Unit 4', 'Residential', 48, 5, 2, 3, '1450', 'Monthly', 0);
INSERT INTO unit (unit_name, unit_type, property_name, floor_number, bedrooms, bathrooms, trent, trent_period, vacant_status) VALUES ('Unit 1', 'Residential', 49, 2, 3, 1, '1327', 'Monthly', 1);
INSERT INTO unit (unit_name, unit_type, property_name, floor_number, bedrooms, bathrooms, trent, trent_period, vacant_status) VALUES ('Unit 2', 'Residential', 49, 3, 4, 2, '2435', 'Monthly', 0);
INSERT INTO unit (unit_name, unit_type, property_name, floor_number, bedrooms, bathrooms, trent, trent_period, vacant_status) VALUES ('Unit 3', 'Residential', 49, 5, 1, 1, '3216', 'Monthly', 1);
INSERT INTO unit (unit_name, unit_type, property_name, floor_number, bedrooms, bathrooms, trent, trent_period, vacant_status) VALUES ('Unit 4', 'Residential', 49, 3, 1, 1, '2190', 'Monthly', 1);
INSERT INTO unit (unit_name, unit_type, property_name, floor_number, bedrooms, bathrooms, trent, trent_period, vacant_status) VALUES ('Unit 5', 'Residential', 49, 3, 1, 2, '2306', 'Monthly', 0);
INSERT INTO unit (unit_name, unit_type, property_name, floor_number, bedrooms, bathrooms, trent, trent_period, vacant_status) VALUES ('Unit 1', 'Residential', 50, 5, 3, 2, '1023', 'Monthly', 0);
INSERT INTO unit (unit_name, unit_type, property_name, floor_number, bedrooms, bathrooms, trent, trent_period, vacant_status) VALUES ('Unit 2', 'Residential', 50, 2, 2, 3, '2508', 'Monthly', 0);
INSERT INTO unit (unit_name, unit_type, property_name, floor_number, bedrooms, bathrooms, trent, trent_period, vacant_status) VALUES ('Unit 3', 'Residential', 50, 1, 4, 1, '2627', 'Monthly', 0);
INSERT INTO unit (unit_name, unit_type, property_name, floor_number, bedrooms, bathrooms, trent, trent_period, vacant_status) VALUES ('Unit 4', 'Residential', 50, 3, 4, 3, '2750', 'Monthly', 1);
INSERT INTO unit (unit_name, unit_type, property_name, floor_number, bedrooms, bathrooms, trent, trent_period, vacant_status) VALUES ('Unit 5', 'Residential', 50, 5, 4, 1, '2742', 'Monthly', 1);
INSERT INTO unit (unit_name, unit_type, property_name, floor_number, bedrooms, bathrooms, trent, trent_period, vacant_status) VALUES ('Unit 6', 'Residential', 50, 3, 4, 1, '3133', 'Monthly', 1);
INSERT INTO unit (unit_name, unit_type, property_name, floor_number, bedrooms, bathrooms, trent, trent_period, vacant_status) VALUES ('Unit 7', 'Residential', 50, 1, 2, 2, '3342', 'Monthly', 0);
INSERT INTO unit (unit_name, unit_type, property_name, floor_number, bedrooms, bathrooms, trent, trent_period, vacant_status) VALUES ('Unit 8', 'Residential', 50, 3, 3, 2, '1868', 'Monthly', 1);
INSERT INTO unit (unit_name, unit_type, property_name, floor_number, bedrooms, bathrooms, trent, trent_period, vacant_status) VALUES ('Unit 9', 'Residential', 50, 1, 1, 2, '2571', 'Monthly', 1);
INSERT INTO p_appinfo (property_name, movein_date, no_of_bedroom, full_name, phone_number, email, rent_status, application_date) VALUES (34, '2026-06-01', 3, 'John Jones', '555-555-4219', 'applicant1@example.com', 2, '2026-05-01');
INSERT INTO p_appinfo (property_name, movein_date, no_of_bedroom, full_name, phone_number, email, rent_status, application_date) VALUES (34, '2026-06-01', 1, 'James Williams', '555-361-6207', 'applicant2@example.com', 0, '2026-05-01');
INSERT INTO p_appinfo (property_name, movein_date, no_of_bedroom, full_name, phone_number, email, rent_status, application_date) VALUES (23, '2026-06-01', 1, 'Susan Williams', '555-427-8468', 'applicant3@example.com', 1, '2026-05-01');
INSERT INTO p_appinfo (property_name, movein_date, no_of_bedroom, full_name, phone_number, email, rent_status, application_date) VALUES (42, '2026-06-01', 3, 'John Brown', '555-768-7246', 'applicant4@example.com', 0, '2026-05-01');
INSERT INTO p_appinfo (property_name, movein_date, no_of_bedroom, full_name, phone_number, email, rent_status, application_date) VALUES (14, '2026-06-01', 1, 'Barbara Jackson', '555-530-7865', 'applicant5@example.com', 2, '2026-05-01');
INSERT INTO p_appinfo (property_name, movein_date, no_of_bedroom, full_name, phone_number, email, rent_status, application_date) VALUES (25, '2026-06-01', 2, 'Thomas Williams', '555-117-6038', 'applicant6@example.com', 2, '2026-05-01');
INSERT INTO p_appinfo (property_name, movein_date, no_of_bedroom, full_name, phone_number, email, rent_status, application_date) VALUES (33, '2026-06-01', 2, 'John Hernandez', '555-760-3409', 'applicant7@example.com', 0, '2026-05-01');
INSERT INTO p_appinfo (property_name, movein_date, no_of_bedroom, full_name, phone_number, email, rent_status, application_date) VALUES (1, '2026-06-01', 2, 'Sarah Rodriguez', '555-804-8865', 'applicant8@example.com', 1, '2026-05-01');
INSERT INTO p_appinfo (property_name, movein_date, no_of_bedroom, full_name, phone_number, email, rent_status, application_date) VALUES (43, '2026-06-01', 3, 'David Miller', '555-112-7184', 'applicant9@example.com', 2, '2026-05-01');
INSERT INTO p_appinfo (property_name, movein_date, no_of_bedroom, full_name, phone_number, email, rent_status, application_date) VALUES (12, '2026-06-01', 3, 'Susan Martin', '555-230-6713', 'applicant10@example.com', 1, '2026-05-01');
INSERT INTO p_appinfo (property_name, movein_date, no_of_bedroom, full_name, phone_number, email, rent_status, application_date) VALUES (41, '2026-06-01', 1, 'Linda Martin', '555-656-9655', 'applicant11@example.com', 1, '2026-05-01');
INSERT INTO p_appinfo (property_name, movein_date, no_of_bedroom, full_name, phone_number, email, rent_status, application_date) VALUES (10, '2026-06-01', 2, 'Jennifer Miller', '555-928-5922', 'applicant12@example.com', 0, '2026-05-01');
INSERT INTO p_appinfo (property_name, movein_date, no_of_bedroom, full_name, phone_number, email, rent_status, application_date) VALUES (15, '2026-06-01', 3, 'Jessica Martinez', '555-278-2175', 'applicant13@example.com', 1, '2026-05-01');
INSERT INTO p_appinfo (property_name, movein_date, no_of_bedroom, full_name, phone_number, email, rent_status, application_date) VALUES (7, '2026-06-01', 2, 'John Johnson', '555-227-9192', 'applicant14@example.com', 2, '2026-05-01');
INSERT INTO p_appinfo (property_name, movein_date, no_of_bedroom, full_name, phone_number, email, rent_status, application_date) VALUES (2, '2026-06-01', 3, 'William Hernandez', '555-104-9439', 'applicant15@example.com', 2, '2026-05-01');
INSERT INTO p_appinfo (property_name, movein_date, no_of_bedroom, full_name, phone_number, email, rent_status, application_date) VALUES (48, '2026-06-01', 1, 'Jessica Moore', '555-173-1074', 'applicant16@example.com', 0, '2026-05-01');
INSERT INTO p_appinfo (property_name, movein_date, no_of_bedroom, full_name, phone_number, email, rent_status, application_date) VALUES (36, '2026-06-01', 1, 'Robert Gonzalez', '555-774-9555', 'applicant17@example.com', 1, '2026-05-01');
INSERT INTO p_appinfo (property_name, movein_date, no_of_bedroom, full_name, phone_number, email, rent_status, application_date) VALUES (31, '2026-06-01', 3, 'Thomas Taylor', '555-978-8896', 'applicant18@example.com', 0, '2026-05-01');
INSERT INTO p_appinfo (property_name, movein_date, no_of_bedroom, full_name, phone_number, email, rent_status, application_date) VALUES (39, '2026-06-01', 3, 'Jennifer Jackson', '555-795-4493', 'applicant19@example.com', 1, '2026-05-01');
INSERT INTO p_appinfo (property_name, movein_date, no_of_bedroom, full_name, phone_number, email, rent_status, application_date) VALUES (42, '2026-06-01', 3, 'Mary Martin', '555-825-9478', 'applicant20@example.com', 0, '2026-05-01');
INSERT INTO p_appinfo (property_name, movein_date, no_of_bedroom, full_name, phone_number, email, rent_status, application_date) VALUES (14, '2026-06-01', 3, 'Barbara Johnson', '555-913-4371', 'applicant21@example.com', 0, '2026-05-01');
INSERT INTO p_appinfo (property_name, movein_date, no_of_bedroom, full_name, phone_number, email, rent_status, application_date) VALUES (35, '2026-06-01', 3, 'James Taylor', '555-269-6318', 'applicant22@example.com', 2, '2026-05-01');
INSERT INTO p_appinfo (property_name, movein_date, no_of_bedroom, full_name, phone_number, email, rent_status, application_date) VALUES (38, '2026-06-01', 3, 'David Rodriguez', '555-408-6572', 'applicant23@example.com', 0, '2026-05-01');
INSERT INTO p_appinfo (property_name, movein_date, no_of_bedroom, full_name, phone_number, email, rent_status, application_date) VALUES (50, '2026-06-01', 1, 'Joseph Wilson', '555-437-3361', 'applicant24@example.com', 0, '2026-05-01');
INSERT INTO p_appinfo (property_name, movein_date, no_of_bedroom, full_name, phone_number, email, rent_status, application_date) VALUES (47, '2026-06-01', 2, 'James Jones', '555-879-7684', 'applicant25@example.com', 1, '2026-05-01');
INSERT INTO p_appinfo (property_name, movein_date, no_of_bedroom, full_name, phone_number, email, rent_status, application_date) VALUES (22, '2026-06-01', 3, 'Elizabeth Garcia', '555-461-4384', 'applicant26@example.com', 2, '2026-05-01');
INSERT INTO p_appinfo (property_name, movein_date, no_of_bedroom, full_name, phone_number, email, rent_status, application_date) VALUES (50, '2026-06-01', 1, 'Patricia Brown', '555-670-4291', 'applicant27@example.com', 1, '2026-05-01');
INSERT INTO p_appinfo (property_name, movein_date, no_of_bedroom, full_name, phone_number, email, rent_status, application_date) VALUES (46, '2026-06-01', 3, 'Robert Rodriguez', '555-884-7430', 'applicant28@example.com', 1, '2026-05-01');
INSERT INTO p_appinfo (property_name, movein_date, no_of_bedroom, full_name, phone_number, email, rent_status, application_date) VALUES (41, '2026-06-01', 3, 'Jennifer Johnson', '555-934-8479', 'applicant29@example.com', 0, '2026-05-01');
INSERT INTO p_appinfo (property_name, movein_date, no_of_bedroom, full_name, phone_number, email, rent_status, application_date) VALUES (19, '2026-06-01', 2, 'James Williams', '555-100-1651', 'applicant30@example.com', 0, '2026-05-01');
INSERT INTO p_appinfo (property_name, movein_date, no_of_bedroom, full_name, phone_number, email, rent_status, application_date) VALUES (20, '2026-06-01', 3, 'Barbara Lopez', '555-656-1123', 'applicant31@example.com', 2, '2026-05-01');
INSERT INTO p_appinfo (property_name, movein_date, no_of_bedroom, full_name, phone_number, email, rent_status, application_date) VALUES (13, '2026-06-01', 1, 'Charles Brown', '555-747-9710', 'applicant32@example.com', 1, '2026-05-01');
INSERT INTO p_appinfo (property_name, movein_date, no_of_bedroom, full_name, phone_number, email, rent_status, application_date) VALUES (2, '2026-06-01', 2, 'James Martin', '555-676-5247', 'applicant33@example.com', 0, '2026-05-01');
INSERT INTO p_appinfo (property_name, movein_date, no_of_bedroom, full_name, phone_number, email, rent_status, application_date) VALUES (40, '2026-06-01', 3, 'Robert Martin', '555-305-7650', 'applicant34@example.com', 2, '2026-05-01');
INSERT INTO p_appinfo (property_name, movein_date, no_of_bedroom, full_name, phone_number, email, rent_status, application_date) VALUES (13, '2026-06-01', 2, 'Charles Miller', '555-844-7147', 'applicant35@example.com', 0, '2026-05-01');
INSERT INTO p_appinfo (property_name, movein_date, no_of_bedroom, full_name, phone_number, email, rent_status, application_date) VALUES (30, '2026-06-01', 1, 'Robert Brown', '555-352-7412', 'applicant36@example.com', 2, '2026-05-01');
INSERT INTO p_appinfo (property_name, movein_date, no_of_bedroom, full_name, phone_number, email, rent_status, application_date) VALUES (18, '2026-06-01', 3, 'Jennifer Taylor', '555-341-7450', 'applicant37@example.com', 0, '2026-05-01');
INSERT INTO p_appinfo (property_name, movein_date, no_of_bedroom, full_name, phone_number, email, rent_status, application_date) VALUES (40, '2026-06-01', 2, 'Karen Hernandez', '555-207-3161', 'applicant38@example.com', 0, '2026-05-01');
INSERT INTO p_appinfo (property_name, movein_date, no_of_bedroom, full_name, phone_number, email, rent_status, application_date) VALUES (34, '2026-06-01', 1, 'William Martin', '555-557-3817', 'applicant39@example.com', 0, '2026-05-01');
INSERT INTO p_appinfo (property_name, movein_date, no_of_bedroom, full_name, phone_number, email, rent_status, application_date) VALUES (31, '2026-06-01', 3, 'Robert Martin', '555-738-3884', 'applicant40@example.com', 0, '2026-05-01');
INSERT INTO p_appinfo (property_name, movein_date, no_of_bedroom, full_name, phone_number, email, rent_status, application_date) VALUES (3, '2026-06-01', 2, 'Barbara Anderson', '555-436-7608', 'applicant41@example.com', 2, '2026-05-01');
INSERT INTO p_appinfo (property_name, movein_date, no_of_bedroom, full_name, phone_number, email, rent_status, application_date) VALUES (17, '2026-06-01', 2, 'Patricia Gonzalez', '555-778-2227', 'applicant42@example.com', 0, '2026-05-01');
INSERT INTO p_appinfo (property_name, movein_date, no_of_bedroom, full_name, phone_number, email, rent_status, application_date) VALUES (32, '2026-06-01', 3, 'Michael Martinez', '555-840-6391', 'applicant43@example.com', 1, '2026-05-01');
INSERT INTO p_appinfo (property_name, movein_date, no_of_bedroom, full_name, phone_number, email, rent_status, application_date) VALUES (3, '2026-06-01', 3, 'Michael Jackson', '555-649-6776', 'applicant44@example.com', 2, '2026-05-01');
INSERT INTO p_appinfo (property_name, movein_date, no_of_bedroom, full_name, phone_number, email, rent_status, application_date) VALUES (45, '2026-06-01', 1, 'Charles Martin', '555-311-3474', 'applicant45@example.com', 0, '2026-05-01');
INSERT INTO p_appinfo (property_name, movein_date, no_of_bedroom, full_name, phone_number, email, rent_status, application_date) VALUES (16, '2026-06-01', 1, 'Jennifer Hernandez', '555-621-3129', 'applicant46@example.com', 1, '2026-05-01');
INSERT INTO p_appinfo (property_name, movein_date, no_of_bedroom, full_name, phone_number, email, rent_status, application_date) VALUES (39, '2026-06-01', 3, 'James Wilson', '555-337-5540', 'applicant47@example.com', 2, '2026-05-01');
INSERT INTO p_appinfo (property_name, movein_date, no_of_bedroom, full_name, phone_number, email, rent_status, application_date) VALUES (28, '2026-06-01', 3, 'John Davis', '555-579-8775', 'applicant48@example.com', 0, '2026-05-01');
INSERT INTO p_appinfo (property_name, movein_date, no_of_bedroom, full_name, phone_number, email, rent_status, application_date) VALUES (7, '2026-06-01', 3, 'Barbara Brown', '555-307-8302', 'applicant49@example.com', 1, '2026-05-01');
INSERT INTO p_appinfo (property_name, movein_date, no_of_bedroom, full_name, phone_number, email, rent_status, application_date) VALUES (38, '2026-06-01', 1, 'Jessica Williams', '555-787-2414', 'applicant50@example.com', 1, '2026-05-01');
INSERT INTO p_appinfo (property_name, movein_date, no_of_bedroom, full_name, phone_number, email, rent_status, application_date) VALUES (21, '2026-06-01', 1, 'Elizabeth Brown', '555-800-3112', 'applicant51@example.com', 2, '2026-05-01');
INSERT INTO p_appinfo (property_name, movein_date, no_of_bedroom, full_name, phone_number, email, rent_status, application_date) VALUES (34, '2026-06-01', 3, 'Karen Jackson', '555-984-6611', 'applicant52@example.com', 2, '2026-05-01');
INSERT INTO p_appinfo (property_name, movein_date, no_of_bedroom, full_name, phone_number, email, rent_status, application_date) VALUES (20, '2026-06-01', 3, 'Robert Lopez', '555-165-4576', 'applicant53@example.com', 0, '2026-05-01');
INSERT INTO p_appinfo (property_name, movein_date, no_of_bedroom, full_name, phone_number, email, rent_status, application_date) VALUES (4, '2026-06-01', 2, 'Barbara Hernandez', '555-180-6936', 'applicant54@example.com', 2, '2026-05-01');
INSERT INTO p_appinfo (property_name, movein_date, no_of_bedroom, full_name, phone_number, email, rent_status, application_date) VALUES (50, '2026-06-01', 2, 'Charles Taylor', '555-526-9696', 'applicant55@example.com', 1, '2026-05-01');
INSERT INTO p_appinfo (property_name, movein_date, no_of_bedroom, full_name, phone_number, email, rent_status, application_date) VALUES (40, '2026-06-01', 2, 'David Martinez', '555-938-3407', 'applicant56@example.com', 2, '2026-05-01');
INSERT INTO p_appinfo (property_name, movein_date, no_of_bedroom, full_name, phone_number, email, rent_status, application_date) VALUES (6, '2026-06-01', 2, 'John Martin', '555-418-2934', 'applicant57@example.com', 2, '2026-05-01');
INSERT INTO p_appinfo (property_name, movein_date, no_of_bedroom, full_name, phone_number, email, rent_status, application_date) VALUES (15, '2026-06-01', 1, 'Patricia Anderson', '555-302-5297', 'applicant58@example.com', 0, '2026-05-01');
INSERT INTO p_appinfo (property_name, movein_date, no_of_bedroom, full_name, phone_number, email, rent_status, application_date) VALUES (44, '2026-06-01', 3, 'Michael Thomas', '555-825-6412', 'applicant59@example.com', 0, '2026-05-01');
INSERT INTO p_appinfo (property_name, movein_date, no_of_bedroom, full_name, phone_number, email, rent_status, application_date) VALUES (14, '2026-06-01', 3, 'Barbara Johnson', '555-791-6485', 'applicant60@example.com', 0, '2026-05-01');
INSERT INTO p_appinfo (property_name, movein_date, no_of_bedroom, full_name, phone_number, email, rent_status, application_date) VALUES (26, '2026-06-01', 1, 'Patricia Wilson', '555-106-9490', 'applicant61@example.com', 0, '2026-05-01');
INSERT INTO p_appinfo (property_name, movein_date, no_of_bedroom, full_name, phone_number, email, rent_status, application_date) VALUES (10, '2026-06-01', 3, 'Elizabeth Hernandez', '555-119-5260', 'applicant62@example.com', 1, '2026-05-01');
INSERT INTO p_appinfo (property_name, movein_date, no_of_bedroom, full_name, phone_number, email, rent_status, application_date) VALUES (35, '2026-06-01', 2, 'David Hernandez', '555-213-5346', 'applicant63@example.com', 0, '2026-05-01');
INSERT INTO p_appinfo (property_name, movein_date, no_of_bedroom, full_name, phone_number, email, rent_status, application_date) VALUES (6, '2026-06-01', 1, 'William Davis', '555-855-7366', 'applicant64@example.com', 1, '2026-05-01');
INSERT INTO p_appinfo (property_name, movein_date, no_of_bedroom, full_name, phone_number, email, rent_status, application_date) VALUES (46, '2026-06-01', 2, 'Jessica Lopez', '555-714-2602', 'applicant65@example.com', 2, '2026-05-01');
INSERT INTO p_appinfo (property_name, movein_date, no_of_bedroom, full_name, phone_number, email, rent_status, application_date) VALUES (42, '2026-06-01', 3, 'Elizabeth Jones', '555-140-1320', 'applicant66@example.com', 2, '2026-05-01');
INSERT INTO p_appinfo (property_name, movein_date, no_of_bedroom, full_name, phone_number, email, rent_status, application_date) VALUES (48, '2026-06-01', 1, 'Sarah Anderson', '555-392-2627', 'applicant67@example.com', 0, '2026-05-01');
INSERT INTO p_appinfo (property_name, movein_date, no_of_bedroom, full_name, phone_number, email, rent_status, application_date) VALUES (6, '2026-06-01', 2, 'Richard Jackson', '555-142-9472', 'applicant68@example.com', 1, '2026-05-01');
INSERT INTO p_appinfo (property_name, movein_date, no_of_bedroom, full_name, phone_number, email, rent_status, application_date) VALUES (8, '2026-06-01', 3, 'Jessica Wilson', '555-646-9290', 'applicant69@example.com', 2, '2026-05-01');
INSERT INTO p_appinfo (property_name, movein_date, no_of_bedroom, full_name, phone_number, email, rent_status, application_date) VALUES (5, '2026-06-01', 3, 'Jennifer Johnson', '555-549-7613', 'applicant70@example.com', 1, '2026-05-01');
INSERT INTO p_appinfo (property_name, movein_date, no_of_bedroom, full_name, phone_number, email, rent_status, application_date) VALUES (5, '2026-06-01', 1, 'Michael Moore', '555-383-2349', 'applicant71@example.com', 2, '2026-05-01');
INSERT INTO p_appinfo (property_name, movein_date, no_of_bedroom, full_name, phone_number, email, rent_status, application_date) VALUES (16, '2026-06-01', 1, 'Karen Martinez', '555-966-1050', 'applicant72@example.com', 1, '2026-05-01');
INSERT INTO p_appinfo (property_name, movein_date, no_of_bedroom, full_name, phone_number, email, rent_status, application_date) VALUES (2, '2026-06-01', 3, 'Jennifer Anderson', '555-281-7730', 'applicant73@example.com', 0, '2026-05-01');
INSERT INTO p_appinfo (property_name, movein_date, no_of_bedroom, full_name, phone_number, email, rent_status, application_date) VALUES (34, '2026-06-01', 2, 'Michael Thomas', '555-203-8117', 'applicant74@example.com', 1, '2026-05-01');
INSERT INTO p_appinfo (property_name, movein_date, no_of_bedroom, full_name, phone_number, email, rent_status, application_date) VALUES (22, '2026-06-01', 2, 'Sarah Hernandez', '555-876-6563', 'applicant75@example.com', 2, '2026-05-01');
INSERT INTO p_appinfo (property_name, movein_date, no_of_bedroom, full_name, phone_number, email, rent_status, application_date) VALUES (8, '2026-06-01', 2, 'Richard Smith', '555-788-4421', 'applicant76@example.com', 1, '2026-05-01');
INSERT INTO p_appinfo (property_name, movein_date, no_of_bedroom, full_name, phone_number, email, rent_status, application_date) VALUES (25, '2026-06-01', 3, 'Karen Gonzalez', '555-968-8097', 'applicant77@example.com', 1, '2026-05-01');
INSERT INTO p_appinfo (property_name, movein_date, no_of_bedroom, full_name, phone_number, email, rent_status, application_date) VALUES (48, '2026-06-01', 2, 'John Lopez', '555-787-2208', 'applicant78@example.com', 1, '2026-05-01');
INSERT INTO p_appinfo (property_name, movein_date, no_of_bedroom, full_name, phone_number, email, rent_status, application_date) VALUES (1, '2026-06-01', 3, 'Karen Johnson', '555-523-7608', 'applicant79@example.com', 0, '2026-05-01');
INSERT INTO p_appinfo (property_name, movein_date, no_of_bedroom, full_name, phone_number, email, rent_status, application_date) VALUES (42, '2026-06-01', 1, 'Michael Gonzalez', '555-125-8058', 'applicant80@example.com', 0, '2026-05-01');
INSERT INTO p_appinfo (property_name, movein_date, no_of_bedroom, full_name, phone_number, email, rent_status, application_date) VALUES (4, '2026-06-01', 2, 'Jennifer Martin', '555-880-3243', 'applicant81@example.com', 2, '2026-05-01');
INSERT INTO p_appinfo (property_name, movein_date, no_of_bedroom, full_name, phone_number, email, rent_status, application_date) VALUES (42, '2026-06-01', 1, 'Jessica Jones', '555-545-7641', 'applicant82@example.com', 2, '2026-05-01');
INSERT INTO p_appinfo (property_name, movein_date, no_of_bedroom, full_name, phone_number, email, rent_status, application_date) VALUES (13, '2026-06-01', 1, 'Elizabeth Thomas', '555-663-9083', 'applicant83@example.com', 0, '2026-05-01');
INSERT INTO p_appinfo (property_name, movein_date, no_of_bedroom, full_name, phone_number, email, rent_status, application_date) VALUES (36, '2026-06-01', 2, 'Karen Brown', '555-593-9117', 'applicant84@example.com', 0, '2026-05-01');
INSERT INTO p_appinfo (property_name, movein_date, no_of_bedroom, full_name, phone_number, email, rent_status, application_date) VALUES (7, '2026-06-01', 3, 'Linda Rodriguez', '555-229-9678', 'applicant85@example.com', 0, '2026-05-01');
INSERT INTO p_appinfo (property_name, movein_date, no_of_bedroom, full_name, phone_number, email, rent_status, application_date) VALUES (44, '2026-06-01', 2, 'John Miller', '555-227-2735', 'applicant86@example.com', 1, '2026-05-01');
INSERT INTO p_appinfo (property_name, movein_date, no_of_bedroom, full_name, phone_number, email, rent_status, application_date) VALUES (6, '2026-06-01', 3, 'David Smith', '555-195-6237', 'applicant87@example.com', 2, '2026-05-01');
INSERT INTO p_appinfo (property_name, movein_date, no_of_bedroom, full_name, phone_number, email, rent_status, application_date) VALUES (11, '2026-06-01', 1, 'Mary Martin', '555-259-6705', 'applicant88@example.com', 1, '2026-05-01');
INSERT INTO p_appinfo (property_name, movein_date, no_of_bedroom, full_name, phone_number, email, rent_status, application_date) VALUES (24, '2026-06-01', 3, 'Elizabeth Miller', '555-128-3225', 'applicant89@example.com', 2, '2026-05-01');
INSERT INTO p_appinfo (property_name, movein_date, no_of_bedroom, full_name, phone_number, email, rent_status, application_date) VALUES (18, '2026-06-01', 2, 'Charles Martinez', '555-128-5287', 'applicant90@example.com', 0, '2026-05-01');
INSERT INTO p_appinfo (property_name, movein_date, no_of_bedroom, full_name, phone_number, email, rent_status, application_date) VALUES (42, '2026-06-01', 2, 'James Williams', '555-399-4284', 'applicant91@example.com', 2, '2026-05-01');
INSERT INTO p_appinfo (property_name, movein_date, no_of_bedroom, full_name, phone_number, email, rent_status, application_date) VALUES (50, '2026-06-01', 3, 'Susan Martin', '555-419-3536', 'applicant92@example.com', 2, '2026-05-01');
INSERT INTO p_appinfo (property_name, movein_date, no_of_bedroom, full_name, phone_number, email, rent_status, application_date) VALUES (43, '2026-06-01', 1, 'Mary Moore', '555-887-2720', 'applicant93@example.com', 0, '2026-05-01');
INSERT INTO p_appinfo (property_name, movein_date, no_of_bedroom, full_name, phone_number, email, rent_status, application_date) VALUES (10, '2026-06-01', 1, 'Joseph Lopez', '555-808-7758', 'applicant94@example.com', 0, '2026-05-01');
INSERT INTO p_appinfo (property_name, movein_date, no_of_bedroom, full_name, phone_number, email, rent_status, application_date) VALUES (30, '2026-06-01', 2, 'Linda Martinez', '555-840-3081', 'applicant95@example.com', 1, '2026-05-01');
INSERT INTO p_appinfo (property_name, movein_date, no_of_bedroom, full_name, phone_number, email, rent_status, application_date) VALUES (38, '2026-06-01', 1, 'Michael Davis', '555-628-6449', 'applicant96@example.com', 2, '2026-05-01');
INSERT INTO p_appinfo (property_name, movein_date, no_of_bedroom, full_name, phone_number, email, rent_status, application_date) VALUES (39, '2026-06-01', 1, 'John Hernandez', '555-114-5279', 'applicant97@example.com', 1, '2026-05-01');
INSERT INTO p_appinfo (property_name, movein_date, no_of_bedroom, full_name, phone_number, email, rent_status, application_date) VALUES (18, '2026-06-01', 1, 'Linda Brown', '555-152-9225', 'applicant98@example.com', 2, '2026-05-01');
INSERT INTO p_appinfo (property_name, movein_date, no_of_bedroom, full_name, phone_number, email, rent_status, application_date) VALUES (15, '2026-06-01', 3, 'John Jones', '555-987-1255', 'applicant99@example.com', 0, '2026-05-01');
INSERT INTO p_appinfo (property_name, movein_date, no_of_bedroom, full_name, phone_number, email, rent_status, application_date) VALUES (21, '2026-06-01', 3, 'Sarah Wilson', '555-119-7840', 'applicant100@example.com', 1, '2026-05-01');
INSERT INTO p_appinfo (property_name, movein_date, no_of_bedroom, full_name, phone_number, email, rent_status, application_date) VALUES (21, '2026-06-01', 3, 'Michael Johnson', '555-301-5445', 'applicant101@example.com', 0, '2026-05-01');
INSERT INTO p_appinfo (property_name, movein_date, no_of_bedroom, full_name, phone_number, email, rent_status, application_date) VALUES (30, '2026-06-01', 2, 'Michael Martinez', '555-226-8551', 'applicant102@example.com', 1, '2026-05-01');
INSERT INTO p_appinfo (property_name, movein_date, no_of_bedroom, full_name, phone_number, email, rent_status, application_date) VALUES (12, '2026-06-01', 1, 'Richard Thomas', '555-374-6359', 'applicant103@example.com', 0, '2026-05-01');
INSERT INTO p_appinfo (property_name, movein_date, no_of_bedroom, full_name, phone_number, email, rent_status, application_date) VALUES (45, '2026-06-01', 2, 'Michael Johnson', '555-149-9327', 'applicant104@example.com', 0, '2026-05-01');
INSERT INTO p_appinfo (property_name, movein_date, no_of_bedroom, full_name, phone_number, email, rent_status, application_date) VALUES (22, '2026-06-01', 1, 'Elizabeth Jones', '555-225-3152', 'applicant105@example.com', 2, '2026-05-01');
INSERT INTO p_appinfo (property_name, movein_date, no_of_bedroom, full_name, phone_number, email, rent_status, application_date) VALUES (50, '2026-06-01', 3, 'Robert Gonzalez', '555-740-8549', 'applicant106@example.com', 2, '2026-05-01');
INSERT INTO p_appinfo (property_name, movein_date, no_of_bedroom, full_name, phone_number, email, rent_status, application_date) VALUES (1, '2026-06-01', 1, 'Joseph Davis', '555-916-6346', 'applicant107@example.com', 1, '2026-05-01');
INSERT INTO p_appinfo (property_name, movein_date, no_of_bedroom, full_name, phone_number, email, rent_status, application_date) VALUES (1, '2026-06-01', 1, 'William Gonzalez', '555-842-6948', 'applicant108@example.com', 1, '2026-05-01');
INSERT INTO p_appinfo (property_name, movein_date, no_of_bedroom, full_name, phone_number, email, rent_status, application_date) VALUES (50, '2026-06-01', 1, 'Jessica Taylor', '555-772-2989', 'applicant109@example.com', 0, '2026-05-01');
INSERT INTO p_appinfo (property_name, movein_date, no_of_bedroom, full_name, phone_number, email, rent_status, application_date) VALUES (15, '2026-06-01', 2, 'Jennifer Garcia', '555-690-9219', 'applicant110@example.com', 1, '2026-05-01');
INSERT INTO p_appinfo (property_name, movein_date, no_of_bedroom, full_name, phone_number, email, rent_status, application_date) VALUES (45, '2026-06-01', 2, 'Barbara Williams', '555-408-5283', 'applicant111@example.com', 1, '2026-05-01');
INSERT INTO p_appinfo (property_name, movein_date, no_of_bedroom, full_name, phone_number, email, rent_status, application_date) VALUES (12, '2026-06-01', 1, 'William Hernandez', '555-633-8762', 'applicant112@example.com', 1, '2026-05-01');
INSERT INTO p_appinfo (property_name, movein_date, no_of_bedroom, full_name, phone_number, email, rent_status, application_date) VALUES (4, '2026-06-01', 3, 'Karen Garcia', '555-908-5226', 'applicant113@example.com', 2, '2026-05-01');
INSERT INTO p_appinfo (property_name, movein_date, no_of_bedroom, full_name, phone_number, email, rent_status, application_date) VALUES (13, '2026-06-01', 1, 'Thomas Rodriguez', '555-458-9640', 'applicant114@example.com', 0, '2026-05-01');
INSERT INTO p_appinfo (property_name, movein_date, no_of_bedroom, full_name, phone_number, email, rent_status, application_date) VALUES (33, '2026-06-01', 3, 'Richard Davis', '555-247-8267', 'applicant115@example.com', 0, '2026-05-01');
INSERT INTO p_appinfo (property_name, movein_date, no_of_bedroom, full_name, phone_number, email, rent_status, application_date) VALUES (20, '2026-06-01', 1, 'Jennifer Williams', '555-702-2421', 'applicant116@example.com', 1, '2026-05-01');
INSERT INTO p_appinfo (property_name, movein_date, no_of_bedroom, full_name, phone_number, email, rent_status, application_date) VALUES (36, '2026-06-01', 3, 'Linda Gonzalez', '555-847-6898', 'applicant117@example.com', 0, '2026-05-01');
INSERT INTO p_appinfo (property_name, movein_date, no_of_bedroom, full_name, phone_number, email, rent_status, application_date) VALUES (37, '2026-06-01', 2, 'Richard Wilson', '555-959-6683', 'applicant118@example.com', 0, '2026-05-01');
INSERT INTO p_appinfo (property_name, movein_date, no_of_bedroom, full_name, phone_number, email, rent_status, application_date) VALUES (1, '2026-06-01', 2, 'John Thomas', '555-507-5222', 'applicant119@example.com', 0, '2026-05-01');
INSERT INTO p_appinfo (property_name, movein_date, no_of_bedroom, full_name, phone_number, email, rent_status, application_date) VALUES (22, '2026-06-01', 2, 'Barbara Hernandez', '555-258-4661', 'applicant120@example.com', 1, '2026-05-01');
INSERT INTO p_appinfo (property_name, movein_date, no_of_bedroom, full_name, phone_number, email, rent_status, application_date) VALUES (13, '2026-06-01', 1, 'Charles Hernandez', '555-718-1273', 'applicant121@example.com', 1, '2026-05-01');
INSERT INTO p_appinfo (property_name, movein_date, no_of_bedroom, full_name, phone_number, email, rent_status, application_date) VALUES (4, '2026-06-01', 2, 'William Brown', '555-720-8991', 'applicant122@example.com', 1, '2026-05-01');
INSERT INTO p_appinfo (property_name, movein_date, no_of_bedroom, full_name, phone_number, email, rent_status, application_date) VALUES (42, '2026-06-01', 1, 'Michael Jones', '555-277-6113', 'applicant123@example.com', 1, '2026-05-01');
INSERT INTO p_appinfo (property_name, movein_date, no_of_bedroom, full_name, phone_number, email, rent_status, application_date) VALUES (43, '2026-06-01', 1, 'Barbara Smith', '555-394-7569', 'applicant124@example.com', 1, '2026-05-01');
INSERT INTO p_appinfo (property_name, movein_date, no_of_bedroom, full_name, phone_number, email, rent_status, application_date) VALUES (34, '2026-06-01', 3, 'Susan Garcia', '555-575-1884', 'applicant125@example.com', 0, '2026-05-01');
INSERT INTO p_appinfo (property_name, movein_date, no_of_bedroom, full_name, phone_number, email, rent_status, application_date) VALUES (14, '2026-06-01', 2, 'Patricia Jones', '555-626-4822', 'applicant126@example.com', 0, '2026-05-01');
INSERT INTO p_appinfo (property_name, movein_date, no_of_bedroom, full_name, phone_number, email, rent_status, application_date) VALUES (43, '2026-06-01', 3, 'Sarah Thomas', '555-692-8521', 'applicant127@example.com', 1, '2026-05-01');
INSERT INTO p_appinfo (property_name, movein_date, no_of_bedroom, full_name, phone_number, email, rent_status, application_date) VALUES (1, '2026-06-01', 1, 'Jennifer Miller', '555-726-5698', 'applicant128@example.com', 2, '2026-05-01');
INSERT INTO p_appinfo (property_name, movein_date, no_of_bedroom, full_name, phone_number, email, rent_status, application_date) VALUES (8, '2026-06-01', 1, 'Sarah Williams', '555-138-2506', 'applicant129@example.com', 1, '2026-05-01');
INSERT INTO p_appinfo (property_name, movein_date, no_of_bedroom, full_name, phone_number, email, rent_status, application_date) VALUES (46, '2026-06-01', 2, 'John Williams', '555-947-2396', 'applicant130@example.com', 0, '2026-05-01');
INSERT INTO p_appinfo (property_name, movein_date, no_of_bedroom, full_name, phone_number, email, rent_status, application_date) VALUES (20, '2026-06-01', 2, 'Jennifer Rodriguez', '555-467-3723', 'applicant131@example.com', 2, '2026-05-01');
INSERT INTO p_appinfo (property_name, movein_date, no_of_bedroom, full_name, phone_number, email, rent_status, application_date) VALUES (18, '2026-06-01', 3, 'Richard Gonzalez', '555-951-1984', 'applicant132@example.com', 0, '2026-05-01');
INSERT INTO p_appinfo (property_name, movein_date, no_of_bedroom, full_name, phone_number, email, rent_status, application_date) VALUES (26, '2026-06-01', 1, 'Linda Williams', '555-514-1214', 'applicant133@example.com', 1, '2026-05-01');
INSERT INTO p_appinfo (property_name, movein_date, no_of_bedroom, full_name, phone_number, email, rent_status, application_date) VALUES (26, '2026-06-01', 3, 'Charles Jones', '555-490-4234', 'applicant134@example.com', 0, '2026-05-01');
INSERT INTO p_appinfo (property_name, movein_date, no_of_bedroom, full_name, phone_number, email, rent_status, application_date) VALUES (35, '2026-06-01', 2, 'Barbara Jones', '555-634-6139', 'applicant135@example.com', 0, '2026-05-01');
INSERT INTO p_appinfo (property_name, movein_date, no_of_bedroom, full_name, phone_number, email, rent_status, application_date) VALUES (35, '2026-06-01', 2, 'William Miller', '555-272-6011', 'applicant136@example.com', 0, '2026-05-01');
INSERT INTO p_appinfo (property_name, movein_date, no_of_bedroom, full_name, phone_number, email, rent_status, application_date) VALUES (32, '2026-06-01', 1, 'Sarah Lopez', '555-722-7546', 'applicant137@example.com', 1, '2026-05-01');
INSERT INTO p_appinfo (property_name, movein_date, no_of_bedroom, full_name, phone_number, email, rent_status, application_date) VALUES (40, '2026-06-01', 1, 'Patricia Moore', '555-128-8871', 'applicant138@example.com', 0, '2026-05-01');
INSERT INTO p_appinfo (property_name, movein_date, no_of_bedroom, full_name, phone_number, email, rent_status, application_date) VALUES (29, '2026-06-01', 3, 'Michael Wilson', '555-210-4157', 'applicant139@example.com', 0, '2026-05-01');
INSERT INTO p_appinfo (property_name, movein_date, no_of_bedroom, full_name, phone_number, email, rent_status, application_date) VALUES (26, '2026-06-01', 3, 'Karen Jackson', '555-788-3351', 'applicant140@example.com', 0, '2026-05-01');
INSERT INTO p_appinfo (property_name, movein_date, no_of_bedroom, full_name, phone_number, email, rent_status, application_date) VALUES (27, '2026-06-01', 3, 'William Williams', '555-728-3728', 'applicant141@example.com', 2, '2026-05-01');
INSERT INTO p_appinfo (property_name, movein_date, no_of_bedroom, full_name, phone_number, email, rent_status, application_date) VALUES (30, '2026-06-01', 3, 'Joseph Williams', '555-584-1844', 'applicant142@example.com', 1, '2026-05-01');
INSERT INTO p_appinfo (property_name, movein_date, no_of_bedroom, full_name, phone_number, email, rent_status, application_date) VALUES (27, '2026-06-01', 3, 'Mary Hernandez', '555-627-3444', 'applicant143@example.com', 1, '2026-05-01');
INSERT INTO p_appinfo (property_name, movein_date, no_of_bedroom, full_name, phone_number, email, rent_status, application_date) VALUES (26, '2026-06-01', 2, 'Patricia Taylor', '555-803-3532', 'applicant144@example.com', 1, '2026-05-01');
INSERT INTO p_appinfo (property_name, movein_date, no_of_bedroom, full_name, phone_number, email, rent_status, application_date) VALUES (8, '2026-06-01', 2, 'Thomas Martinez', '555-844-7650', 'applicant145@example.com', 0, '2026-05-01');
INSERT INTO p_appinfo (property_name, movein_date, no_of_bedroom, full_name, phone_number, email, rent_status, application_date) VALUES (40, '2026-06-01', 2, 'Joseph Jackson', '555-275-4798', 'applicant146@example.com', 0, '2026-05-01');
INSERT INTO p_appinfo (property_name, movein_date, no_of_bedroom, full_name, phone_number, email, rent_status, application_date) VALUES (30, '2026-06-01', 3, 'William Garcia', '555-615-9699', 'applicant147@example.com', 1, '2026-05-01');
INSERT INTO p_appinfo (property_name, movein_date, no_of_bedroom, full_name, phone_number, email, rent_status, application_date) VALUES (4, '2026-06-01', 1, 'Elizabeth Anderson', '555-691-4601', 'applicant148@example.com', 2, '2026-05-01');
INSERT INTO p_appinfo (property_name, movein_date, no_of_bedroom, full_name, phone_number, email, rent_status, application_date) VALUES (40, '2026-06-01', 1, 'Karen Smith', '555-762-5927', 'applicant149@example.com', 0, '2026-05-01');
INSERT INTO p_appinfo (property_name, movein_date, no_of_bedroom, full_name, phone_number, email, rent_status, application_date) VALUES (47, '2026-06-01', 1, 'Michael Davis', '555-157-7101', 'applicant150@example.com', 1, '2026-05-01');
INSERT INTO p_tenant (appinfo_id, tenant_name, tenant_contact, property_name, frequency, vacant_unit, tenantStatus) VALUES (1, 'John Taylor', '555-233-8318', 15, 'Monthly', 108, 0);
INSERT INTO p_lease (tenantId, moveinDate, moveoutDate, property_name, frequency, vacant_unit, rentAmount, leaseStatus) VALUES (1, '2025-01-01', '2026-01-01', 15, 'Monthly', 108, '3466', 0);
INSERT INTO p_tenant (appinfo_id, tenant_name, tenant_contact, property_name, frequency, vacant_unit, tenantStatus) VALUES (2, 'Joseph Wilson', '555-357-7449', 18, 'Monthly', 351, 0);
INSERT INTO p_lease (tenantId, moveinDate, moveoutDate, property_name, frequency, vacant_unit, rentAmount, leaseStatus) VALUES (2, '2025-01-01', '2026-01-01', 18, 'Monthly', 351, '1172', 0);
INSERT INTO p_tenant (appinfo_id, tenant_name, tenant_contact, property_name, frequency, vacant_unit, tenantStatus) VALUES (3, 'Sarah Thomas', '555-952-6811', 27, 'Monthly', 17, 0);
INSERT INTO p_lease (tenantId, moveinDate, moveoutDate, property_name, frequency, vacant_unit, rentAmount, leaseStatus) VALUES (3, '2025-01-01', '2026-01-01', 27, 'Monthly', 17, '988', 0);
INSERT INTO p_tenant (appinfo_id, tenant_name, tenant_contact, property_name, frequency, vacant_unit, tenantStatus) VALUES (4, 'Richard Martinez', '555-125-3162', 28, 'Monthly', 336, 0);
INSERT INTO p_lease (tenantId, moveinDate, moveoutDate, property_name, frequency, vacant_unit, rentAmount, leaseStatus) VALUES (4, '2025-01-01', '2026-01-01', 28, 'Monthly', 336, '2919', 0);
INSERT INTO p_tenant (appinfo_id, tenant_name, tenant_contact, property_name, frequency, vacant_unit, tenantStatus) VALUES (5, 'Barbara Miller', '555-519-8288', 6, 'Monthly', 324, 0);
INSERT INTO p_lease (tenantId, moveinDate, moveoutDate, property_name, frequency, vacant_unit, rentAmount, leaseStatus) VALUES (5, '2025-01-01', '2026-01-01', 6, 'Monthly', 324, '975', 0);
INSERT INTO p_tenant (appinfo_id, tenant_name, tenant_contact, property_name, frequency, vacant_unit, tenantStatus) VALUES (6, 'Thomas Smith', '555-179-2256', 50, 'Monthly', 138, 0);
INSERT INTO p_lease (tenantId, moveinDate, moveoutDate, property_name, frequency, vacant_unit, rentAmount, leaseStatus) VALUES (6, '2025-01-01', '2026-01-01', 50, 'Monthly', 138, '2711', 0);
INSERT INTO p_tenant (appinfo_id, tenant_name, tenant_contact, property_name, frequency, vacant_unit, tenantStatus) VALUES (7, 'Linda Wilson', '555-531-1691', 5, 'Monthly', 162, 0);
INSERT INTO p_lease (tenantId, moveinDate, moveoutDate, property_name, frequency, vacant_unit, rentAmount, leaseStatus) VALUES (7, '2025-01-01', '2026-01-01', 5, 'Monthly', 162, '2332', 0);
INSERT INTO p_tenant (appinfo_id, tenant_name, tenant_contact, property_name, frequency, vacant_unit, tenantStatus) VALUES (8, 'Charles Miller', '555-143-7350', 47, 'Monthly', 346, 0);
INSERT INTO p_lease (tenantId, moveinDate, moveoutDate, property_name, frequency, vacant_unit, rentAmount, leaseStatus) VALUES (8, '2025-01-01', '2026-01-01', 47, 'Monthly', 346, '3454', 0);
INSERT INTO p_tenant (appinfo_id, tenant_name, tenant_contact, property_name, frequency, vacant_unit, tenantStatus) VALUES (9, 'Jessica Martin', '555-642-2518', 48, 'Monthly', 243, 0);
INSERT INTO p_lease (tenantId, moveinDate, moveoutDate, property_name, frequency, vacant_unit, rentAmount, leaseStatus) VALUES (9, '2025-01-01', '2026-01-01', 48, 'Monthly', 243, '2630', 0);
INSERT INTO p_tenant (appinfo_id, tenant_name, tenant_contact, property_name, frequency, vacant_unit, tenantStatus) VALUES (10, 'Robert Anderson', '555-230-8355', 28, 'Monthly', 115, 0);
INSERT INTO p_lease (tenantId, moveinDate, moveoutDate, property_name, frequency, vacant_unit, rentAmount, leaseStatus) VALUES (10, '2025-01-01', '2026-01-01', 28, 'Monthly', 115, '3216', 0);
INSERT INTO p_tenant (appinfo_id, tenant_name, tenant_contact, property_name, frequency, vacant_unit, tenantStatus) VALUES (11, 'Barbara Davis', '555-252-8768', 23, 'Monthly', 212, 0);
INSERT INTO p_lease (tenantId, moveinDate, moveoutDate, property_name, frequency, vacant_unit, rentAmount, leaseStatus) VALUES (11, '2025-01-01', '2026-01-01', 23, 'Monthly', 212, '2875', 0);
INSERT INTO p_tenant (appinfo_id, tenant_name, tenant_contact, property_name, frequency, vacant_unit, tenantStatus) VALUES (12, 'Elizabeth Garcia', '555-975-2104', 23, 'Monthly', 156, 0);
INSERT INTO p_lease (tenantId, moveinDate, moveoutDate, property_name, frequency, vacant_unit, rentAmount, leaseStatus) VALUES (12, '2025-01-01', '2026-01-01', 23, 'Monthly', 156, '977', 0);
INSERT INTO p_tenant (appinfo_id, tenant_name, tenant_contact, property_name, frequency, vacant_unit, tenantStatus) VALUES (13, 'James Martin', '555-568-8182', 42, 'Monthly', 61, 0);
INSERT INTO p_lease (tenantId, moveinDate, moveoutDate, property_name, frequency, vacant_unit, rentAmount, leaseStatus) VALUES (13, '2025-01-01', '2026-01-01', 42, 'Monthly', 61, '2423', 0);
INSERT INTO p_tenant (appinfo_id, tenant_name, tenant_contact, property_name, frequency, vacant_unit, tenantStatus) VALUES (14, 'Mary Davis', '555-211-6498', 49, 'Monthly', 264, 0);
INSERT INTO p_lease (tenantId, moveinDate, moveoutDate, property_name, frequency, vacant_unit, rentAmount, leaseStatus) VALUES (14, '2025-01-01', '2026-01-01', 49, 'Monthly', 264, '1414', 0);
INSERT INTO p_tenant (appinfo_id, tenant_name, tenant_contact, property_name, frequency, vacant_unit, tenantStatus) VALUES (15, 'Elizabeth Rodriguez', '555-572-2483', 50, 'Monthly', 173, 0);
INSERT INTO p_lease (tenantId, moveinDate, moveoutDate, property_name, frequency, vacant_unit, rentAmount, leaseStatus) VALUES (15, '2025-01-01', '2026-01-01', 50, 'Monthly', 173, '2875', 0);
INSERT INTO p_tenant (appinfo_id, tenant_name, tenant_contact, property_name, frequency, vacant_unit, tenantStatus) VALUES (16, 'Linda Martinez', '555-608-2737', 14, 'Monthly', 285, 0);
INSERT INTO p_lease (tenantId, moveinDate, moveoutDate, property_name, frequency, vacant_unit, rentAmount, leaseStatus) VALUES (16, '2025-01-01', '2026-01-01', 14, 'Monthly', 285, '1280', 0);
INSERT INTO p_tenant (appinfo_id, tenant_name, tenant_contact, property_name, frequency, vacant_unit, tenantStatus) VALUES (17, 'Mary Brown', '555-824-5307', 13, 'Monthly', 156, 0);
INSERT INTO p_lease (tenantId, moveinDate, moveoutDate, property_name, frequency, vacant_unit, rentAmount, leaseStatus) VALUES (17, '2025-01-01', '2026-01-01', 13, 'Monthly', 156, '2540', 0);
INSERT INTO p_tenant (appinfo_id, tenant_name, tenant_contact, property_name, frequency, vacant_unit, tenantStatus) VALUES (18, 'Karen Martin', '555-967-1572', 18, 'Monthly', 194, 0);
INSERT INTO p_lease (tenantId, moveinDate, moveoutDate, property_name, frequency, vacant_unit, rentAmount, leaseStatus) VALUES (18, '2025-01-01', '2026-01-01', 18, 'Monthly', 194, '3248', 0);
INSERT INTO p_tenant (appinfo_id, tenant_name, tenant_contact, property_name, frequency, vacant_unit, tenantStatus) VALUES (19, 'Jessica Moore', '555-559-7576', 26, 'Monthly', 167, 0);
INSERT INTO p_lease (tenantId, moveinDate, moveoutDate, property_name, frequency, vacant_unit, rentAmount, leaseStatus) VALUES (19, '2025-01-01', '2026-01-01', 26, 'Monthly', 167, '2110', 0);
INSERT INTO p_tenant (appinfo_id, tenant_name, tenant_contact, property_name, frequency, vacant_unit, tenantStatus) VALUES (20, 'Thomas Taylor', '555-584-9016', 29, 'Monthly', 245, 0);
INSERT INTO p_lease (tenantId, moveinDate, moveoutDate, property_name, frequency, vacant_unit, rentAmount, leaseStatus) VALUES (20, '2025-01-01', '2026-01-01', 29, 'Monthly', 245, '961', 0);
INSERT INTO p_tenant (appinfo_id, tenant_name, tenant_contact, property_name, frequency, vacant_unit, tenantStatus) VALUES (21, 'Robert Miller', '555-701-5326', 20, 'Monthly', 28, 0);
INSERT INTO p_lease (tenantId, moveinDate, moveoutDate, property_name, frequency, vacant_unit, rentAmount, leaseStatus) VALUES (21, '2025-01-01', '2026-01-01', 20, 'Monthly', 28, '1248', 0);
INSERT INTO p_tenant (appinfo_id, tenant_name, tenant_contact, property_name, frequency, vacant_unit, tenantStatus) VALUES (22, 'William Garcia', '555-394-4799', 37, 'Monthly', 284, 0);
INSERT INTO p_lease (tenantId, moveinDate, moveoutDate, property_name, frequency, vacant_unit, rentAmount, leaseStatus) VALUES (22, '2025-01-01', '2026-01-01', 37, 'Monthly', 284, '2674', 0);
INSERT INTO p_tenant (appinfo_id, tenant_name, tenant_contact, property_name, frequency, vacant_unit, tenantStatus) VALUES (23, 'Michael Brown', '555-596-1562', 1, 'Monthly', 38, 0);
INSERT INTO p_lease (tenantId, moveinDate, moveoutDate, property_name, frequency, vacant_unit, rentAmount, leaseStatus) VALUES (23, '2025-01-01', '2026-01-01', 1, 'Monthly', 38, '1853', 0);
INSERT INTO p_tenant (appinfo_id, tenant_name, tenant_contact, property_name, frequency, vacant_unit, tenantStatus) VALUES (24, 'Richard Williams', '555-416-7973', 10, 'Monthly', 353, 0);
INSERT INTO p_lease (tenantId, moveinDate, moveoutDate, property_name, frequency, vacant_unit, rentAmount, leaseStatus) VALUES (24, '2025-01-01', '2026-01-01', 10, 'Monthly', 353, '820', 0);
INSERT INTO p_tenant (appinfo_id, tenant_name, tenant_contact, property_name, frequency, vacant_unit, tenantStatus) VALUES (25, 'Charles Davis', '555-919-3000', 41, 'Monthly', 358, 0);
INSERT INTO p_lease (tenantId, moveinDate, moveoutDate, property_name, frequency, vacant_unit, rentAmount, leaseStatus) VALUES (25, '2025-01-01', '2026-01-01', 41, 'Monthly', 358, '2065', 0);
INSERT INTO p_tenant (appinfo_id, tenant_name, tenant_contact, property_name, frequency, vacant_unit, tenantStatus) VALUES (26, 'Susan Moore', '555-125-5297', 17, 'Monthly', 186, 0);
INSERT INTO p_lease (tenantId, moveinDate, moveoutDate, property_name, frequency, vacant_unit, rentAmount, leaseStatus) VALUES (26, '2025-01-01', '2026-01-01', 17, 'Monthly', 186, '2780', 0);
INSERT INTO p_tenant (appinfo_id, tenant_name, tenant_contact, property_name, frequency, vacant_unit, tenantStatus) VALUES (27, 'Thomas Miller', '555-641-7189', 44, 'Monthly', 38, 0);
INSERT INTO p_lease (tenantId, moveinDate, moveoutDate, property_name, frequency, vacant_unit, rentAmount, leaseStatus) VALUES (27, '2025-01-01', '2026-01-01', 44, 'Monthly', 38, '1454', 0);
INSERT INTO p_tenant (appinfo_id, tenant_name, tenant_contact, property_name, frequency, vacant_unit, tenantStatus) VALUES (28, 'Patricia Davis', '555-897-9867', 7, 'Monthly', 171, 0);
INSERT INTO p_lease (tenantId, moveinDate, moveoutDate, property_name, frequency, vacant_unit, rentAmount, leaseStatus) VALUES (28, '2025-01-01', '2026-01-01', 7, 'Monthly', 171, '2603', 0);
INSERT INTO p_tenant (appinfo_id, tenant_name, tenant_contact, property_name, frequency, vacant_unit, tenantStatus) VALUES (29, 'Robert Jackson', '555-754-6827', 13, 'Monthly', 266, 0);
INSERT INTO p_lease (tenantId, moveinDate, moveoutDate, property_name, frequency, vacant_unit, rentAmount, leaseStatus) VALUES (29, '2025-01-01', '2026-01-01', 13, 'Monthly', 266, '1108', 0);
INSERT INTO p_tenant (appinfo_id, tenant_name, tenant_contact, property_name, frequency, vacant_unit, tenantStatus) VALUES (30, 'Mary Brown', '555-178-5013', 31, 'Monthly', 157, 0);
INSERT INTO p_lease (tenantId, moveinDate, moveoutDate, property_name, frequency, vacant_unit, rentAmount, leaseStatus) VALUES (30, '2025-01-01', '2026-01-01', 31, 'Monthly', 157, '2609', 0);
INSERT INTO p_tenant (appinfo_id, tenant_name, tenant_contact, property_name, frequency, vacant_unit, tenantStatus) VALUES (31, 'John Smith', '555-331-7121', 10, 'Monthly', 247, 0);
INSERT INTO p_lease (tenantId, moveinDate, moveoutDate, property_name, frequency, vacant_unit, rentAmount, leaseStatus) VALUES (31, '2025-01-01', '2026-01-01', 10, 'Monthly', 247, '3033', 0);
INSERT INTO p_tenant (appinfo_id, tenant_name, tenant_contact, property_name, frequency, vacant_unit, tenantStatus) VALUES (32, 'James Moore', '555-130-9000', 19, 'Monthly', 45, 0);
INSERT INTO p_lease (tenantId, moveinDate, moveoutDate, property_name, frequency, vacant_unit, rentAmount, leaseStatus) VALUES (32, '2025-01-01', '2026-01-01', 19, 'Monthly', 45, '2172', 0);
INSERT INTO p_tenant (appinfo_id, tenant_name, tenant_contact, property_name, frequency, vacant_unit, tenantStatus) VALUES (33, 'Robert Johnson', '555-516-2496', 12, 'Monthly', 225, 0);
INSERT INTO p_lease (tenantId, moveinDate, moveoutDate, property_name, frequency, vacant_unit, rentAmount, leaseStatus) VALUES (33, '2025-01-01', '2026-01-01', 12, 'Monthly', 225, '3284', 0);
INSERT INTO p_tenant (appinfo_id, tenant_name, tenant_contact, property_name, frequency, vacant_unit, tenantStatus) VALUES (34, 'Barbara Wilson', '555-276-1813', 10, 'Monthly', 43, 0);
INSERT INTO p_lease (tenantId, moveinDate, moveoutDate, property_name, frequency, vacant_unit, rentAmount, leaseStatus) VALUES (34, '2025-01-01', '2026-01-01', 10, 'Monthly', 43, '1119', 0);
INSERT INTO p_tenant (appinfo_id, tenant_name, tenant_contact, property_name, frequency, vacant_unit, tenantStatus) VALUES (35, 'John Johnson', '555-820-6010', 5, 'Monthly', 314, 0);
INSERT INTO p_lease (tenantId, moveinDate, moveoutDate, property_name, frequency, vacant_unit, rentAmount, leaseStatus) VALUES (35, '2025-01-01', '2026-01-01', 5, 'Monthly', 314, '2061', 0);
INSERT INTO p_tenant (appinfo_id, tenant_name, tenant_contact, property_name, frequency, vacant_unit, tenantStatus) VALUES (36, 'John Jackson', '555-263-1581', 3, 'Monthly', 33, 0);
INSERT INTO p_lease (tenantId, moveinDate, moveoutDate, property_name, frequency, vacant_unit, rentAmount, leaseStatus) VALUES (36, '2025-01-01', '2026-01-01', 3, 'Monthly', 33, '2174', 0);
INSERT INTO p_tenant (appinfo_id, tenant_name, tenant_contact, property_name, frequency, vacant_unit, tenantStatus) VALUES (37, 'John Williams', '555-536-2916', 2, 'Monthly', 97, 0);
INSERT INTO p_lease (tenantId, moveinDate, moveoutDate, property_name, frequency, vacant_unit, rentAmount, leaseStatus) VALUES (37, '2025-01-01', '2026-01-01', 2, 'Monthly', 97, '3385', 0);
INSERT INTO p_tenant (appinfo_id, tenant_name, tenant_contact, property_name, frequency, vacant_unit, tenantStatus) VALUES (38, 'Jessica Gonzalez', '555-827-8065', 4, 'Monthly', 53, 0);
INSERT INTO p_lease (tenantId, moveinDate, moveoutDate, property_name, frequency, vacant_unit, rentAmount, leaseStatus) VALUES (38, '2025-01-01', '2026-01-01', 4, 'Monthly', 53, '3489', 0);
INSERT INTO p_tenant (appinfo_id, tenant_name, tenant_contact, property_name, frequency, vacant_unit, tenantStatus) VALUES (39, 'Barbara Thomas', '555-853-1806', 35, 'Monthly', 217, 0);
INSERT INTO p_lease (tenantId, moveinDate, moveoutDate, property_name, frequency, vacant_unit, rentAmount, leaseStatus) VALUES (39, '2025-01-01', '2026-01-01', 35, 'Monthly', 217, '1093', 0);
INSERT INTO p_tenant (appinfo_id, tenant_name, tenant_contact, property_name, frequency, vacant_unit, tenantStatus) VALUES (40, 'Patricia Moore', '555-916-7679', 33, 'Monthly', 296, 0);
INSERT INTO p_lease (tenantId, moveinDate, moveoutDate, property_name, frequency, vacant_unit, rentAmount, leaseStatus) VALUES (40, '2025-01-01', '2026-01-01', 33, 'Monthly', 296, '3074', 0);
INSERT INTO p_tenant (appinfo_id, tenant_name, tenant_contact, property_name, frequency, vacant_unit, tenantStatus) VALUES (41, 'Robert Wilson', '555-339-4860', 47, 'Monthly', 108, 0);
INSERT INTO p_lease (tenantId, moveinDate, moveoutDate, property_name, frequency, vacant_unit, rentAmount, leaseStatus) VALUES (41, '2025-01-01', '2026-01-01', 47, 'Monthly', 108, '1107', 0);
INSERT INTO p_tenant (appinfo_id, tenant_name, tenant_contact, property_name, frequency, vacant_unit, tenantStatus) VALUES (42, 'James Rodriguez', '555-162-3326', 39, 'Monthly', 214, 0);
INSERT INTO p_lease (tenantId, moveinDate, moveoutDate, property_name, frequency, vacant_unit, rentAmount, leaseStatus) VALUES (42, '2025-01-01', '2026-01-01', 39, 'Monthly', 214, '1261', 0);
INSERT INTO p_tenant (appinfo_id, tenant_name, tenant_contact, property_name, frequency, vacant_unit, tenantStatus) VALUES (43, 'Richard Martin', '555-282-1561', 35, 'Monthly', 138, 0);
INSERT INTO p_lease (tenantId, moveinDate, moveoutDate, property_name, frequency, vacant_unit, rentAmount, leaseStatus) VALUES (43, '2025-01-01', '2026-01-01', 35, 'Monthly', 138, '2208', 0);
INSERT INTO p_tenant (appinfo_id, tenant_name, tenant_contact, property_name, frequency, vacant_unit, tenantStatus) VALUES (44, 'Patricia Rodriguez', '555-888-1615', 30, 'Monthly', 172, 0);
INSERT INTO p_lease (tenantId, moveinDate, moveoutDate, property_name, frequency, vacant_unit, rentAmount, leaseStatus) VALUES (44, '2025-01-01', '2026-01-01', 30, 'Monthly', 172, '2064', 0);
INSERT INTO p_tenant (appinfo_id, tenant_name, tenant_contact, property_name, frequency, vacant_unit, tenantStatus) VALUES (45, 'James Jackson', '555-391-5935', 49, 'Monthly', 69, 0);
INSERT INTO p_lease (tenantId, moveinDate, moveoutDate, property_name, frequency, vacant_unit, rentAmount, leaseStatus) VALUES (45, '2025-01-01', '2026-01-01', 49, 'Monthly', 69, '2929', 0);
INSERT INTO p_tenant (appinfo_id, tenant_name, tenant_contact, property_name, frequency, vacant_unit, tenantStatus) VALUES (46, 'Susan Jackson', '555-899-8570', 31, 'Monthly', 315, 0);
INSERT INTO p_lease (tenantId, moveinDate, moveoutDate, property_name, frequency, vacant_unit, rentAmount, leaseStatus) VALUES (46, '2025-01-01', '2026-01-01', 31, 'Monthly', 315, '2100', 0);
INSERT INTO p_tenant (appinfo_id, tenant_name, tenant_contact, property_name, frequency, vacant_unit, tenantStatus) VALUES (47, 'Mary Gonzalez', '555-197-1640', 34, 'Monthly', 363, 0);
INSERT INTO p_lease (tenantId, moveinDate, moveoutDate, property_name, frequency, vacant_unit, rentAmount, leaseStatus) VALUES (47, '2025-01-01', '2026-01-01', 34, 'Monthly', 363, '3343', 0);
INSERT INTO p_tenant (appinfo_id, tenant_name, tenant_contact, property_name, frequency, vacant_unit, tenantStatus) VALUES (48, 'Robert Anderson', '555-815-4379', 9, 'Monthly', 163, 0);
INSERT INTO p_lease (tenantId, moveinDate, moveoutDate, property_name, frequency, vacant_unit, rentAmount, leaseStatus) VALUES (48, '2025-01-01', '2026-01-01', 9, 'Monthly', 163, '1016', 0);
INSERT INTO p_tenant (appinfo_id, tenant_name, tenant_contact, property_name, frequency, vacant_unit, tenantStatus) VALUES (49, 'William Smith', '555-715-7878', 9, 'Monthly', 9, 0);
INSERT INTO p_lease (tenantId, moveinDate, moveoutDate, property_name, frequency, vacant_unit, rentAmount, leaseStatus) VALUES (49, '2025-01-01', '2026-01-01', 9, 'Monthly', 9, '3112', 0);
INSERT INTO p_tenant (appinfo_id, tenant_name, tenant_contact, property_name, frequency, vacant_unit, tenantStatus) VALUES (50, 'Linda Rodriguez', '555-271-9750', 50, 'Monthly', 264, 0);
INSERT INTO p_lease (tenantId, moveinDate, moveoutDate, property_name, frequency, vacant_unit, rentAmount, leaseStatus) VALUES (50, '2025-01-01', '2026-01-01', 50, 'Monthly', 264, '2433', 0);
INSERT INTO p_tenant (appinfo_id, tenant_name, tenant_contact, property_name, frequency, vacant_unit, tenantStatus) VALUES (51, 'Linda Anderson', '555-283-2046', 24, 'Monthly', 312, 0);
INSERT INTO p_lease (tenantId, moveinDate, moveoutDate, property_name, frequency, vacant_unit, rentAmount, leaseStatus) VALUES (51, '2025-01-01', '2026-01-01', 24, 'Monthly', 312, '2984', 0);
INSERT INTO p_tenant (appinfo_id, tenant_name, tenant_contact, property_name, frequency, vacant_unit, tenantStatus) VALUES (52, 'David Smith', '555-756-4243', 22, 'Monthly', 355, 0);
INSERT INTO p_lease (tenantId, moveinDate, moveoutDate, property_name, frequency, vacant_unit, rentAmount, leaseStatus) VALUES (52, '2025-01-01', '2026-01-01', 22, 'Monthly', 355, '1038', 0);
INSERT INTO p_tenant (appinfo_id, tenant_name, tenant_contact, property_name, frequency, vacant_unit, tenantStatus) VALUES (53, 'Barbara Jackson', '555-727-6117', 27, 'Monthly', 31, 0);
INSERT INTO p_lease (tenantId, moveinDate, moveoutDate, property_name, frequency, vacant_unit, rentAmount, leaseStatus) VALUES (53, '2025-01-01', '2026-01-01', 27, 'Monthly', 31, '1086', 0);
INSERT INTO p_tenant (appinfo_id, tenant_name, tenant_contact, property_name, frequency, vacant_unit, tenantStatus) VALUES (54, 'Jessica Lopez', '555-979-7619', 6, 'Monthly', 145, 0);
INSERT INTO p_lease (tenantId, moveinDate, moveoutDate, property_name, frequency, vacant_unit, rentAmount, leaseStatus) VALUES (54, '2025-01-01', '2026-01-01', 6, 'Monthly', 145, '1651', 0);
INSERT INTO p_tenant (appinfo_id, tenant_name, tenant_contact, property_name, frequency, vacant_unit, tenantStatus) VALUES (55, 'Sarah Smith', '555-280-8522', 16, 'Monthly', 171, 0);
INSERT INTO p_lease (tenantId, moveinDate, moveoutDate, property_name, frequency, vacant_unit, rentAmount, leaseStatus) VALUES (55, '2025-01-01', '2026-01-01', 16, 'Monthly', 171, '836', 0);
INSERT INTO p_tenant (appinfo_id, tenant_name, tenant_contact, property_name, frequency, vacant_unit, tenantStatus) VALUES (56, 'James Miller', '555-772-6141', 8, 'Monthly', 176, 0);
INSERT INTO p_lease (tenantId, moveinDate, moveoutDate, property_name, frequency, vacant_unit, rentAmount, leaseStatus) VALUES (56, '2025-01-01', '2026-01-01', 8, 'Monthly', 176, '3320', 0);
INSERT INTO p_tenant (appinfo_id, tenant_name, tenant_contact, property_name, frequency, vacant_unit, tenantStatus) VALUES (57, 'William Lopez', '555-584-8156', 35, 'Monthly', 138, 0);
INSERT INTO p_lease (tenantId, moveinDate, moveoutDate, property_name, frequency, vacant_unit, rentAmount, leaseStatus) VALUES (57, '2025-01-01', '2026-01-01', 35, 'Monthly', 138, '2381', 0);
INSERT INTO p_tenant (appinfo_id, tenant_name, tenant_contact, property_name, frequency, vacant_unit, tenantStatus) VALUES (58, 'James Jackson', '555-257-7036', 3, 'Monthly', 139, 0);
INSERT INTO p_lease (tenantId, moveinDate, moveoutDate, property_name, frequency, vacant_unit, rentAmount, leaseStatus) VALUES (58, '2025-01-01', '2026-01-01', 3, 'Monthly', 139, '867', 0);
INSERT INTO p_tenant (appinfo_id, tenant_name, tenant_contact, property_name, frequency, vacant_unit, tenantStatus) VALUES (59, 'John Anderson', '555-711-2541', 15, 'Monthly', 141, 0);
INSERT INTO p_lease (tenantId, moveinDate, moveoutDate, property_name, frequency, vacant_unit, rentAmount, leaseStatus) VALUES (59, '2025-01-01', '2026-01-01', 15, 'Monthly', 141, '961', 0);
INSERT INTO p_tenant (appinfo_id, tenant_name, tenant_contact, property_name, frequency, vacant_unit, tenantStatus) VALUES (60, 'John Miller', '555-858-8121', 44, 'Monthly', 172, 0);
INSERT INTO p_lease (tenantId, moveinDate, moveoutDate, property_name, frequency, vacant_unit, rentAmount, leaseStatus) VALUES (60, '2025-01-01', '2026-01-01', 44, 'Monthly', 172, '2625', 0);
INSERT INTO p_tenant (appinfo_id, tenant_name, tenant_contact, property_name, frequency, vacant_unit, tenantStatus) VALUES (61, 'Karen Martinez', '555-740-1527', 50, 'Monthly', 145, 0);
INSERT INTO p_lease (tenantId, moveinDate, moveoutDate, property_name, frequency, vacant_unit, rentAmount, leaseStatus) VALUES (61, '2025-01-01', '2026-01-01', 50, 'Monthly', 145, '2785', 0);
INSERT INTO p_tenant (appinfo_id, tenant_name, tenant_contact, property_name, frequency, vacant_unit, tenantStatus) VALUES (62, 'Michael Garcia', '555-150-5384', 17, 'Monthly', 187, 0);
INSERT INTO p_lease (tenantId, moveinDate, moveoutDate, property_name, frequency, vacant_unit, rentAmount, leaseStatus) VALUES (62, '2025-01-01', '2026-01-01', 17, 'Monthly', 187, '801', 0);
INSERT INTO p_tenant (appinfo_id, tenant_name, tenant_contact, property_name, frequency, vacant_unit, tenantStatus) VALUES (63, 'Jessica Gonzalez', '555-482-2618', 18, 'Monthly', 368, 0);
INSERT INTO p_lease (tenantId, moveinDate, moveoutDate, property_name, frequency, vacant_unit, rentAmount, leaseStatus) VALUES (63, '2025-01-01', '2026-01-01', 18, 'Monthly', 368, '3370', 0);
INSERT INTO p_tenant (appinfo_id, tenant_name, tenant_contact, property_name, frequency, vacant_unit, tenantStatus) VALUES (64, 'Mary Wilson', '555-423-9201', 36, 'Monthly', 342, 0);
INSERT INTO p_lease (tenantId, moveinDate, moveoutDate, property_name, frequency, vacant_unit, rentAmount, leaseStatus) VALUES (64, '2025-01-01', '2026-01-01', 36, 'Monthly', 342, '1115', 0);
INSERT INTO p_tenant (appinfo_id, tenant_name, tenant_contact, property_name, frequency, vacant_unit, tenantStatus) VALUES (65, 'Joseph Anderson', '555-693-6898', 44, 'Monthly', 244, 0);
INSERT INTO p_lease (tenantId, moveinDate, moveoutDate, property_name, frequency, vacant_unit, rentAmount, leaseStatus) VALUES (65, '2025-01-01', '2026-01-01', 44, 'Monthly', 244, '2727', 0);
INSERT INTO p_tenant (appinfo_id, tenant_name, tenant_contact, property_name, frequency, vacant_unit, tenantStatus) VALUES (66, 'Barbara Thomas', '555-913-3995', 10, 'Monthly', 283, 0);
INSERT INTO p_lease (tenantId, moveinDate, moveoutDate, property_name, frequency, vacant_unit, rentAmount, leaseStatus) VALUES (66, '2025-01-01', '2026-01-01', 10, 'Monthly', 283, '2759', 0);
INSERT INTO p_tenant (appinfo_id, tenant_name, tenant_contact, property_name, frequency, vacant_unit, tenantStatus) VALUES (67, 'Charles Johnson', '555-321-5435', 8, 'Monthly', 71, 0);
INSERT INTO p_lease (tenantId, moveinDate, moveoutDate, property_name, frequency, vacant_unit, rentAmount, leaseStatus) VALUES (67, '2025-01-01', '2026-01-01', 8, 'Monthly', 71, '1170', 0);
INSERT INTO p_tenant (appinfo_id, tenant_name, tenant_contact, property_name, frequency, vacant_unit, tenantStatus) VALUES (68, 'Barbara Brown', '555-229-6822', 25, 'Monthly', 314, 0);
INSERT INTO p_lease (tenantId, moveinDate, moveoutDate, property_name, frequency, vacant_unit, rentAmount, leaseStatus) VALUES (68, '2025-01-01', '2026-01-01', 25, 'Monthly', 314, '1838', 0);
INSERT INTO p_tenant (appinfo_id, tenant_name, tenant_contact, property_name, frequency, vacant_unit, tenantStatus) VALUES (69, 'James Hernandez', '555-164-2871', 39, 'Monthly', 155, 0);
INSERT INTO p_lease (tenantId, moveinDate, moveoutDate, property_name, frequency, vacant_unit, rentAmount, leaseStatus) VALUES (69, '2025-01-01', '2026-01-01', 39, 'Monthly', 155, '1549', 0);
INSERT INTO p_tenant (appinfo_id, tenant_name, tenant_contact, property_name, frequency, vacant_unit, tenantStatus) VALUES (70, 'Karen Hernandez', '555-180-1897', 44, 'Monthly', 183, 0);
INSERT INTO p_lease (tenantId, moveinDate, moveoutDate, property_name, frequency, vacant_unit, rentAmount, leaseStatus) VALUES (70, '2025-01-01', '2026-01-01', 44, 'Monthly', 183, '853', 0);
INSERT INTO p_tenant (appinfo_id, tenant_name, tenant_contact, property_name, frequency, vacant_unit, tenantStatus) VALUES (71, 'Thomas Johnson', '555-818-5863', 6, 'Monthly', 275, 0);
INSERT INTO p_lease (tenantId, moveinDate, moveoutDate, property_name, frequency, vacant_unit, rentAmount, leaseStatus) VALUES (71, '2025-01-01', '2026-01-01', 6, 'Monthly', 275, '1582', 0);
INSERT INTO p_tenant (appinfo_id, tenant_name, tenant_contact, property_name, frequency, vacant_unit, tenantStatus) VALUES (72, 'Thomas Anderson', '555-983-5494', 48, 'Monthly', 231, 0);
INSERT INTO p_lease (tenantId, moveinDate, moveoutDate, property_name, frequency, vacant_unit, rentAmount, leaseStatus) VALUES (72, '2025-01-01', '2026-01-01', 48, 'Monthly', 231, '2532', 0);
INSERT INTO p_tenant (appinfo_id, tenant_name, tenant_contact, property_name, frequency, vacant_unit, tenantStatus) VALUES (73, 'Robert Davis', '555-835-9145', 17, 'Monthly', 35, 0);
INSERT INTO p_lease (tenantId, moveinDate, moveoutDate, property_name, frequency, vacant_unit, rentAmount, leaseStatus) VALUES (73, '2025-01-01', '2026-01-01', 17, 'Monthly', 35, '2870', 0);
INSERT INTO p_tenant (appinfo_id, tenant_name, tenant_contact, property_name, frequency, vacant_unit, tenantStatus) VALUES (74, 'Elizabeth Jones', '555-843-3667', 13, 'Monthly', 314, 0);
INSERT INTO p_lease (tenantId, moveinDate, moveoutDate, property_name, frequency, vacant_unit, rentAmount, leaseStatus) VALUES (74, '2025-01-01', '2026-01-01', 13, 'Monthly', 314, '2479', 0);
INSERT INTO p_tenant (appinfo_id, tenant_name, tenant_contact, property_name, frequency, vacant_unit, tenantStatus) VALUES (75, 'David Miller', '555-478-9944', 15, 'Monthly', 215, 0);
INSERT INTO p_lease (tenantId, moveinDate, moveoutDate, property_name, frequency, vacant_unit, rentAmount, leaseStatus) VALUES (75, '2025-01-01', '2026-01-01', 15, 'Monthly', 215, '1878', 0);
INSERT INTO p_tenant (appinfo_id, tenant_name, tenant_contact, property_name, frequency, vacant_unit, tenantStatus) VALUES (76, 'William Rodriguez', '555-585-7454', 10, 'Monthly', 277, 0);
INSERT INTO p_lease (tenantId, moveinDate, moveoutDate, property_name, frequency, vacant_unit, rentAmount, leaseStatus) VALUES (76, '2025-01-01', '2026-01-01', 10, 'Monthly', 277, '1674', 0);
INSERT INTO p_tenant (appinfo_id, tenant_name, tenant_contact, property_name, frequency, vacant_unit, tenantStatus) VALUES (77, 'Mary Gonzalez', '555-685-1634', 12, 'Monthly', 23, 0);
INSERT INTO p_lease (tenantId, moveinDate, moveoutDate, property_name, frequency, vacant_unit, rentAmount, leaseStatus) VALUES (77, '2025-01-01', '2026-01-01', 12, 'Monthly', 23, '2687', 0);
INSERT INTO p_tenant (appinfo_id, tenant_name, tenant_contact, property_name, frequency, vacant_unit, tenantStatus) VALUES (78, 'Linda Brown', '555-511-5476', 8, 'Monthly', 85, 0);
INSERT INTO p_lease (tenantId, moveinDate, moveoutDate, property_name, frequency, vacant_unit, rentAmount, leaseStatus) VALUES (78, '2025-01-01', '2026-01-01', 8, 'Monthly', 85, '2793', 0);
INSERT INTO p_tenant (appinfo_id, tenant_name, tenant_contact, property_name, frequency, vacant_unit, tenantStatus) VALUES (79, 'Jessica Wilson', '555-299-6645', 36, 'Monthly', 230, 0);
INSERT INTO p_lease (tenantId, moveinDate, moveoutDate, property_name, frequency, vacant_unit, rentAmount, leaseStatus) VALUES (79, '2025-01-01', '2026-01-01', 36, 'Monthly', 230, '2388', 0);
INSERT INTO p_tenant (appinfo_id, tenant_name, tenant_contact, property_name, frequency, vacant_unit, tenantStatus) VALUES (80, 'Susan Martinez', '555-773-5949', 5, 'Monthly', 337, 0);
INSERT INTO p_lease (tenantId, moveinDate, moveoutDate, property_name, frequency, vacant_unit, rentAmount, leaseStatus) VALUES (80, '2025-01-01', '2026-01-01', 5, 'Monthly', 337, '2629', 0);
INSERT INTO p_tenant (appinfo_id, tenant_name, tenant_contact, property_name, frequency, vacant_unit, tenantStatus) VALUES (81, 'Elizabeth Martinez', '555-974-2828', 1, 'Monthly', 288, 0);
INSERT INTO p_lease (tenantId, moveinDate, moveoutDate, property_name, frequency, vacant_unit, rentAmount, leaseStatus) VALUES (81, '2025-01-01', '2026-01-01', 1, 'Monthly', 288, '3274', 0);
INSERT INTO p_tenant (appinfo_id, tenant_name, tenant_contact, property_name, frequency, vacant_unit, tenantStatus) VALUES (82, 'Mary Davis', '555-944-6186', 23, 'Monthly', 330, 0);
INSERT INTO p_lease (tenantId, moveinDate, moveoutDate, property_name, frequency, vacant_unit, rentAmount, leaseStatus) VALUES (82, '2025-01-01', '2026-01-01', 23, 'Monthly', 330, '1019', 0);
INSERT INTO p_tenant (appinfo_id, tenant_name, tenant_contact, property_name, frequency, vacant_unit, tenantStatus) VALUES (83, 'Karen Brown', '555-348-2185', 27, 'Monthly', 211, 0);
INSERT INTO p_lease (tenantId, moveinDate, moveoutDate, property_name, frequency, vacant_unit, rentAmount, leaseStatus) VALUES (83, '2025-01-01', '2026-01-01', 27, 'Monthly', 211, '2596', 0);
INSERT INTO p_tenant (appinfo_id, tenant_name, tenant_contact, property_name, frequency, vacant_unit, tenantStatus) VALUES (84, 'Susan Wilson', '555-537-8049', 39, 'Monthly', 226, 0);
INSERT INTO p_lease (tenantId, moveinDate, moveoutDate, property_name, frequency, vacant_unit, rentAmount, leaseStatus) VALUES (84, '2025-01-01', '2026-01-01', 39, 'Monthly', 226, '1640', 0);
INSERT INTO p_tenant (appinfo_id, tenant_name, tenant_contact, property_name, frequency, vacant_unit, tenantStatus) VALUES (85, 'David Gonzalez', '555-678-5668', 46, 'Monthly', 6, 0);
INSERT INTO p_lease (tenantId, moveinDate, moveoutDate, property_name, frequency, vacant_unit, rentAmount, leaseStatus) VALUES (85, '2025-01-01', '2026-01-01', 46, 'Monthly', 6, '3489', 0);
INSERT INTO p_tenant (appinfo_id, tenant_name, tenant_contact, property_name, frequency, vacant_unit, tenantStatus) VALUES (86, 'Robert Gonzalez', '555-365-4142', 20, 'Monthly', 369, 0);
INSERT INTO p_lease (tenantId, moveinDate, moveoutDate, property_name, frequency, vacant_unit, rentAmount, leaseStatus) VALUES (86, '2025-01-01', '2026-01-01', 20, 'Monthly', 369, '3078', 0);
INSERT INTO p_tenant (appinfo_id, tenant_name, tenant_contact, property_name, frequency, vacant_unit, tenantStatus) VALUES (87, 'William Taylor', '555-779-3002', 3, 'Monthly', 91, 0);
INSERT INTO p_lease (tenantId, moveinDate, moveoutDate, property_name, frequency, vacant_unit, rentAmount, leaseStatus) VALUES (87, '2025-01-01', '2026-01-01', 3, 'Monthly', 91, '1302', 0);
INSERT INTO p_tenant (appinfo_id, tenant_name, tenant_contact, property_name, frequency, vacant_unit, tenantStatus) VALUES (88, 'Patricia Moore', '555-439-5616', 33, 'Monthly', 357, 0);
INSERT INTO p_lease (tenantId, moveinDate, moveoutDate, property_name, frequency, vacant_unit, rentAmount, leaseStatus) VALUES (88, '2025-01-01', '2026-01-01', 33, 'Monthly', 357, '834', 0);
INSERT INTO p_tenant (appinfo_id, tenant_name, tenant_contact, property_name, frequency, vacant_unit, tenantStatus) VALUES (89, 'Jennifer Miller', '555-840-8522', 27, 'Monthly', 53, 0);
INSERT INTO p_lease (tenantId, moveinDate, moveoutDate, property_name, frequency, vacant_unit, rentAmount, leaseStatus) VALUES (89, '2025-01-01', '2026-01-01', 27, 'Monthly', 53, '929', 0);
INSERT INTO p_tenant (appinfo_id, tenant_name, tenant_contact, property_name, frequency, vacant_unit, tenantStatus) VALUES (90, 'Susan Miller', '555-424-7754', 44, 'Monthly', 159, 0);
INSERT INTO p_lease (tenantId, moveinDate, moveoutDate, property_name, frequency, vacant_unit, rentAmount, leaseStatus) VALUES (90, '2025-01-01', '2026-01-01', 44, 'Monthly', 159, '981', 0);
INSERT INTO p_tenant (appinfo_id, tenant_name, tenant_contact, property_name, frequency, vacant_unit, tenantStatus) VALUES (91, 'James Martin', '555-721-9980', 9, 'Monthly', 96, 0);
INSERT INTO p_lease (tenantId, moveinDate, moveoutDate, property_name, frequency, vacant_unit, rentAmount, leaseStatus) VALUES (91, '2025-01-01', '2026-01-01', 9, 'Monthly', 96, '1767', 0);
INSERT INTO p_tenant (appinfo_id, tenant_name, tenant_contact, property_name, frequency, vacant_unit, tenantStatus) VALUES (92, 'Karen Moore', '555-582-8959', 36, 'Monthly', 359, 0);
INSERT INTO p_lease (tenantId, moveinDate, moveoutDate, property_name, frequency, vacant_unit, rentAmount, leaseStatus) VALUES (92, '2025-01-01', '2026-01-01', 36, 'Monthly', 359, '2135', 0);
INSERT INTO p_tenant (appinfo_id, tenant_name, tenant_contact, property_name, frequency, vacant_unit, tenantStatus) VALUES (93, 'James Rodriguez', '555-349-2784', 32, 'Monthly', 281, 0);
INSERT INTO p_lease (tenantId, moveinDate, moveoutDate, property_name, frequency, vacant_unit, rentAmount, leaseStatus) VALUES (93, '2025-01-01', '2026-01-01', 32, 'Monthly', 281, '2798', 0);
INSERT INTO p_tenant (appinfo_id, tenant_name, tenant_contact, property_name, frequency, vacant_unit, tenantStatus) VALUES (94, 'Joseph Gonzalez', '555-339-6718', 21, 'Monthly', 49, 0);
INSERT INTO p_lease (tenantId, moveinDate, moveoutDate, property_name, frequency, vacant_unit, rentAmount, leaseStatus) VALUES (94, '2025-01-01', '2026-01-01', 21, 'Monthly', 49, '837', 0);
INSERT INTO p_tenant (appinfo_id, tenant_name, tenant_contact, property_name, frequency, vacant_unit, tenantStatus) VALUES (95, 'William Anderson', '555-776-9056', 30, 'Monthly', 321, 0);
INSERT INTO p_lease (tenantId, moveinDate, moveoutDate, property_name, frequency, vacant_unit, rentAmount, leaseStatus) VALUES (95, '2025-01-01', '2026-01-01', 30, 'Monthly', 321, '1778', 0);
INSERT INTO p_tenant (appinfo_id, tenant_name, tenant_contact, property_name, frequency, vacant_unit, tenantStatus) VALUES (96, 'John Taylor', '555-482-8458', 49, 'Monthly', 199, 0);
INSERT INTO p_lease (tenantId, moveinDate, moveoutDate, property_name, frequency, vacant_unit, rentAmount, leaseStatus) VALUES (96, '2025-01-01', '2026-01-01', 49, 'Monthly', 199, '2575', 0);
INSERT INTO p_tenant (appinfo_id, tenant_name, tenant_contact, property_name, frequency, vacant_unit, tenantStatus) VALUES (97, 'Linda Jackson', '555-183-6143', 10, 'Monthly', 157, 0);
INSERT INTO p_lease (tenantId, moveinDate, moveoutDate, property_name, frequency, vacant_unit, rentAmount, leaseStatus) VALUES (97, '2025-01-01', '2026-01-01', 10, 'Monthly', 157, '815', 0);
INSERT INTO p_tenant (appinfo_id, tenant_name, tenant_contact, property_name, frequency, vacant_unit, tenantStatus) VALUES (98, 'Susan Hernandez', '555-424-5839', 6, 'Monthly', 341, 0);
INSERT INTO p_lease (tenantId, moveinDate, moveoutDate, property_name, frequency, vacant_unit, rentAmount, leaseStatus) VALUES (98, '2025-01-01', '2026-01-01', 6, 'Monthly', 341, '1276', 0);
INSERT INTO p_tenant (appinfo_id, tenant_name, tenant_contact, property_name, frequency, vacant_unit, tenantStatus) VALUES (99, 'Elizabeth Garcia', '555-787-7433', 23, 'Monthly', 173, 0);
INSERT INTO p_lease (tenantId, moveinDate, moveoutDate, property_name, frequency, vacant_unit, rentAmount, leaseStatus) VALUES (99, '2025-01-01', '2026-01-01', 23, 'Monthly', 173, '2254', 0);
INSERT INTO p_tenant (appinfo_id, tenant_name, tenant_contact, property_name, frequency, vacant_unit, tenantStatus) VALUES (100, 'Susan Rodriguez', '555-661-6070', 11, 'Monthly', 95, 0);
INSERT INTO p_lease (tenantId, moveinDate, moveoutDate, property_name, frequency, vacant_unit, rentAmount, leaseStatus) VALUES (100, '2025-01-01', '2026-01-01', 11, 'Monthly', 95, '887', 0);
INSERT INTO work_order (contractor, PropertyId, JobTitle, JobDescription, Material1Cost, isWorkDone, user) VALUES ('Speedy Maintenance', 45, 'Paint Walls', 'Routine maintenance task.', '52', 'Yes', 'admin');
INSERT INTO work_order (contractor, PropertyId, JobTitle, JobDescription, Material1Cost, isWorkDone, user) VALUES ('Roof Masters', 44, 'Clean Carpets', 'Routine maintenance task.', '112', 'Yes', 'admin');
INSERT INTO work_order (contractor, PropertyId, JobTitle, JobDescription, Material1Cost, isWorkDone, user) VALUES ('Speedy Maintenance', 5, 'Paint Walls', 'Routine maintenance task.', '74', 'No', 'admin');
INSERT INTO work_order (contractor, PropertyId, JobTitle, JobDescription, Material1Cost, isWorkDone, user) VALUES ('Roof Masters', 16, 'Replace Light Fixture', 'Routine maintenance task.', '294', 'No', 'admin');
INSERT INTO work_order (contractor, PropertyId, JobTitle, JobDescription, Material1Cost, isWorkDone, user) VALUES ('Roof Masters', 21, 'Clean Carpets', 'Routine maintenance task.', '269', 'Yes', 'admin');
INSERT INTO work_order (contractor, PropertyId, JobTitle, JobDescription, Material1Cost, isWorkDone, user) VALUES ('Roof Masters', 40, 'Clean Carpets', 'Routine maintenance task.', '387', 'Yes', 'admin');
INSERT INTO work_order (contractor, PropertyId, JobTitle, JobDescription, Material1Cost, isWorkDone, user) VALUES ('Roof Masters', 23, 'Fix Broken Window', 'Routine maintenance task.', '284', 'Yes', 'admin');
INSERT INTO work_order (contractor, PropertyId, JobTitle, JobDescription, Material1Cost, isWorkDone, user) VALUES ('Roof Masters', 46, 'Clean Carpets', 'Routine maintenance task.', '437', 'Yes', 'admin');
INSERT INTO work_order (contractor, PropertyId, JobTitle, JobDescription, Material1Cost, isWorkDone, user) VALUES ('Speedy Maintenance', 43, 'Replace Light Fixture', 'Routine maintenance task.', '225', 'Yes', 'admin');
INSERT INTO work_order (contractor, PropertyId, JobTitle, JobDescription, Material1Cost, isWorkDone, user) VALUES ('Pro Cleaners', 27, 'Fix Leaking Pipe', 'Routine maintenance task.', '241', 'Yes', 'admin');
INSERT INTO work_order (contractor, PropertyId, JobTitle, JobDescription, Material1Cost, isWorkDone, user) VALUES ('Pro Cleaners', 48, 'Paint Walls', 'Routine maintenance task.', '317', 'Yes', 'admin');
INSERT INTO work_order (contractor, PropertyId, JobTitle, JobDescription, Material1Cost, isWorkDone, user) VALUES ('Bobs Plumbing', 45, 'Replace Light Fixture', 'Routine maintenance task.', '378', 'Yes', 'admin');
INSERT INTO work_order (contractor, PropertyId, JobTitle, JobDescription, Material1Cost, isWorkDone, user) VALUES ('Ace Electrical', 30, 'Fix Leaking Pipe', 'Routine maintenance task.', '477', 'No', 'admin');
INSERT INTO work_order (contractor, PropertyId, JobTitle, JobDescription, Material1Cost, isWorkDone, user) VALUES ('Ace Electrical', 21, 'Paint Walls', 'Routine maintenance task.', '489', 'Yes', 'admin');
INSERT INTO work_order (contractor, PropertyId, JobTitle, JobDescription, Material1Cost, isWorkDone, user) VALUES ('Roof Masters', 5, 'Fix Leaking Pipe', 'Routine maintenance task.', '433', 'No', 'admin');
INSERT INTO work_order (contractor, PropertyId, JobTitle, JobDescription, Material1Cost, isWorkDone, user) VALUES ('Ace Electrical', 6, 'Clean Carpets', 'Routine maintenance task.', '396', 'No', 'admin');
INSERT INTO work_order (contractor, PropertyId, JobTitle, JobDescription, Material1Cost, isWorkDone, user) VALUES ('Bobs Plumbing', 41, 'Fix Leaking Pipe', 'Routine maintenance task.', '425', 'Yes', 'admin');
INSERT INTO work_order (contractor, PropertyId, JobTitle, JobDescription, Material1Cost, isWorkDone, user) VALUES ('Pro Cleaners', 8, 'Fix Leaking Pipe', 'Routine maintenance task.', '316', 'Yes', 'admin');
INSERT INTO work_order (contractor, PropertyId, JobTitle, JobDescription, Material1Cost, isWorkDone, user) VALUES ('Speedy Maintenance', 12, 'Replace Light Fixture', 'Routine maintenance task.', '309', 'Yes', 'admin');
INSERT INTO work_order (contractor, PropertyId, JobTitle, JobDescription, Material1Cost, isWorkDone, user) VALUES ('Roof Masters', 46, 'Clean Carpets', 'Routine maintenance task.', '484', 'No', 'admin');
INSERT INTO work_order (contractor, PropertyId, JobTitle, JobDescription, Material1Cost, isWorkDone, user) VALUES ('Pro Cleaners', 50, 'Paint Walls', 'Routine maintenance task.', '195', 'No', 'admin');
INSERT INTO work_order (contractor, PropertyId, JobTitle, JobDescription, Material1Cost, isWorkDone, user) VALUES ('Pro Cleaners', 7, 'Clean Carpets', 'Routine maintenance task.', '211', 'No', 'admin');
INSERT INTO work_order (contractor, PropertyId, JobTitle, JobDescription, Material1Cost, isWorkDone, user) VALUES ('Speedy Maintenance', 19, 'Replace Light Fixture', 'Routine maintenance task.', '221', 'No', 'admin');
INSERT INTO work_order (contractor, PropertyId, JobTitle, JobDescription, Material1Cost, isWorkDone, user) VALUES ('Speedy Maintenance', 34, 'Fix Leaking Pipe', 'Routine maintenance task.', '68', 'No', 'admin');
INSERT INTO work_order (contractor, PropertyId, JobTitle, JobDescription, Material1Cost, isWorkDone, user) VALUES ('Pro Cleaners', 38, 'Repair HVAC', 'Routine maintenance task.', '481', 'Yes', 'admin');
INSERT INTO work_order (contractor, PropertyId, JobTitle, JobDescription, Material1Cost, isWorkDone, user) VALUES ('Pro Cleaners', 49, 'Repair HVAC', 'Routine maintenance task.', '169', 'No', 'admin');
INSERT INTO work_order (contractor, PropertyId, JobTitle, JobDescription, Material1Cost, isWorkDone, user) VALUES ('Speedy Maintenance', 13, 'Clean Carpets', 'Routine maintenance task.', '175', 'No', 'admin');
INSERT INTO work_order (contractor, PropertyId, JobTitle, JobDescription, Material1Cost, isWorkDone, user) VALUES ('Ace Electrical', 40, 'Replace Light Fixture', 'Routine maintenance task.', '186', 'Yes', 'admin');
INSERT INTO work_order (contractor, PropertyId, JobTitle, JobDescription, Material1Cost, isWorkDone, user) VALUES ('Ace Electrical', 13, 'Replace Light Fixture', 'Routine maintenance task.', '70', 'No', 'admin');
INSERT INTO work_order (contractor, PropertyId, JobTitle, JobDescription, Material1Cost, isWorkDone, user) VALUES ('Bobs Plumbing', 4, 'Fix Leaking Pipe', 'Routine maintenance task.', '483', 'No', 'admin');
INSERT INTO work_order (contractor, PropertyId, JobTitle, JobDescription, Material1Cost, isWorkDone, user) VALUES ('Speedy Maintenance', 7, 'Repair HVAC', 'Routine maintenance task.', '421', 'Yes', 'admin');
INSERT INTO work_order (contractor, PropertyId, JobTitle, JobDescription, Material1Cost, isWorkDone, user) VALUES ('Ace Electrical', 50, 'Replace Light Fixture', 'Routine maintenance task.', '382', 'No', 'admin');
INSERT INTO work_order (contractor, PropertyId, JobTitle, JobDescription, Material1Cost, isWorkDone, user) VALUES ('Roof Masters', 40, 'Clean Carpets', 'Routine maintenance task.', '215', 'No', 'admin');
INSERT INTO work_order (contractor, PropertyId, JobTitle, JobDescription, Material1Cost, isWorkDone, user) VALUES ('Speedy Maintenance', 31, 'Clean Carpets', 'Routine maintenance task.', '164', 'Yes', 'admin');
INSERT INTO work_order (contractor, PropertyId, JobTitle, JobDescription, Material1Cost, isWorkDone, user) VALUES ('Ace Electrical', 22, 'Fix Broken Window', 'Routine maintenance task.', '350', 'No', 'admin');
INSERT INTO work_order (contractor, PropertyId, JobTitle, JobDescription, Material1Cost, isWorkDone, user) VALUES ('Roof Masters', 38, 'Repair HVAC', 'Routine maintenance task.', '262', 'Yes', 'admin');
INSERT INTO work_order (contractor, PropertyId, JobTitle, JobDescription, Material1Cost, isWorkDone, user) VALUES ('Pro Cleaners', 13, 'Repair HVAC', 'Routine maintenance task.', '328', 'Yes', 'admin');
INSERT INTO work_order (contractor, PropertyId, JobTitle, JobDescription, Material1Cost, isWorkDone, user) VALUES ('Roof Masters', 19, 'Replace Light Fixture', 'Routine maintenance task.', '319', 'No', 'admin');
INSERT INTO work_order (contractor, PropertyId, JobTitle, JobDescription, Material1Cost, isWorkDone, user) VALUES ('Pro Cleaners', 6, 'Clean Carpets', 'Routine maintenance task.', '129', 'Yes', 'admin');
INSERT INTO work_order (contractor, PropertyId, JobTitle, JobDescription, Material1Cost, isWorkDone, user) VALUES ('Ace Electrical', 12, 'Clean Carpets', 'Routine maintenance task.', '239', 'Yes', 'admin');
INSERT INTO work_order (contractor, PropertyId, JobTitle, JobDescription, Material1Cost, isWorkDone, user) VALUES ('Speedy Maintenance', 15, 'Paint Walls', 'Routine maintenance task.', '326', 'No', 'admin');
INSERT INTO work_order (contractor, PropertyId, JobTitle, JobDescription, Material1Cost, isWorkDone, user) VALUES ('Speedy Maintenance', 40, 'Repair HVAC', 'Routine maintenance task.', '203', 'Yes', 'admin');
INSERT INTO work_order (contractor, PropertyId, JobTitle, JobDescription, Material1Cost, isWorkDone, user) VALUES ('Ace Electrical', 35, 'Paint Walls', 'Routine maintenance task.', '292', 'Yes', 'admin');
INSERT INTO work_order (contractor, PropertyId, JobTitle, JobDescription, Material1Cost, isWorkDone, user) VALUES ('Pro Cleaners', 32, 'Clean Carpets', 'Routine maintenance task.', '73', 'No', 'admin');
INSERT INTO work_order (contractor, PropertyId, JobTitle, JobDescription, Material1Cost, isWorkDone, user) VALUES ('Pro Cleaners', 10, 'Fix Leaking Pipe', 'Routine maintenance task.', '140', 'No', 'admin');
INSERT INTO work_order (contractor, PropertyId, JobTitle, JobDescription, Material1Cost, isWorkDone, user) VALUES ('Pro Cleaners', 2, 'Clean Carpets', 'Routine maintenance task.', '424', 'Yes', 'admin');
INSERT INTO work_order (contractor, PropertyId, JobTitle, JobDescription, Material1Cost, isWorkDone, user) VALUES ('Roof Masters', 11, 'Fix Leaking Pipe', 'Routine maintenance task.', '379', 'No', 'admin');
INSERT INTO work_order (contractor, PropertyId, JobTitle, JobDescription, Material1Cost, isWorkDone, user) VALUES ('Roof Masters', 34, 'Fix Broken Window', 'Routine maintenance task.', '320', 'No', 'admin');
INSERT INTO work_order (contractor, PropertyId, JobTitle, JobDescription, Material1Cost, isWorkDone, user) VALUES ('Pro Cleaners', 40, 'Paint Walls', 'Routine maintenance task.', '125', 'Yes', 'admin');
INSERT INTO work_order (contractor, PropertyId, JobTitle, JobDescription, Material1Cost, isWorkDone, user) VALUES ('Speedy Maintenance', 26, 'Paint Walls', 'Routine maintenance task.', '207', 'Yes', 'admin');
INSERT INTO work_order (contractor, PropertyId, JobTitle, JobDescription, Material1Cost, isWorkDone, user) VALUES ('Ace Electrical', 19, 'Repair HVAC', 'Routine maintenance task.', '276', 'Yes', 'admin');
INSERT INTO work_order (contractor, PropertyId, JobTitle, JobDescription, Material1Cost, isWorkDone, user) VALUES ('Bobs Plumbing', 7, 'Fix Leaking Pipe', 'Routine maintenance task.', '296', 'Yes', 'admin');
INSERT INTO work_order (contractor, PropertyId, JobTitle, JobDescription, Material1Cost, isWorkDone, user) VALUES ('Pro Cleaners', 18, 'Paint Walls', 'Routine maintenance task.', '120', 'No', 'admin');
INSERT INTO work_order (contractor, PropertyId, JobTitle, JobDescription, Material1Cost, isWorkDone, user) VALUES ('Speedy Maintenance', 36, 'Fix Leaking Pipe', 'Routine maintenance task.', '335', 'No', 'admin');
INSERT INTO work_order (contractor, PropertyId, JobTitle, JobDescription, Material1Cost, isWorkDone, user) VALUES ('Bobs Plumbing', 24, 'Paint Walls', 'Routine maintenance task.', '155', 'No', 'admin');
INSERT INTO work_order (contractor, PropertyId, JobTitle, JobDescription, Material1Cost, isWorkDone, user) VALUES ('Bobs Plumbing', 48, 'Paint Walls', 'Routine maintenance task.', '177', 'No', 'admin');
INSERT INTO work_order (contractor, PropertyId, JobTitle, JobDescription, Material1Cost, isWorkDone, user) VALUES ('Ace Electrical', 9, 'Fix Leaking Pipe', 'Routine maintenance task.', '331', 'Yes', 'admin');
INSERT INTO work_order (contractor, PropertyId, JobTitle, JobDescription, Material1Cost, isWorkDone, user) VALUES ('Speedy Maintenance', 20, 'Fix Broken Window', 'Routine maintenance task.', '142', 'Yes', 'admin');
INSERT INTO work_order (contractor, PropertyId, JobTitle, JobDescription, Material1Cost, isWorkDone, user) VALUES ('Ace Electrical', 22, 'Fix Broken Window', 'Routine maintenance task.', '119', 'Yes', 'admin');
INSERT INTO work_order (contractor, PropertyId, JobTitle, JobDescription, Material1Cost, isWorkDone, user) VALUES ('Speedy Maintenance', 2, 'Paint Walls', 'Routine maintenance task.', '77', 'Yes', 'admin');
INSERT INTO work_order (contractor, PropertyId, JobTitle, JobDescription, Material1Cost, isWorkDone, user) VALUES ('Pro Cleaners', 47, 'Replace Light Fixture', 'Routine maintenance task.', '224', 'Yes', 'admin');
INSERT INTO work_order (contractor, PropertyId, JobTitle, JobDescription, Material1Cost, isWorkDone, user) VALUES ('Pro Cleaners', 5, 'Replace Light Fixture', 'Routine maintenance task.', '209', 'No', 'admin');
INSERT INTO work_order (contractor, PropertyId, JobTitle, JobDescription, Material1Cost, isWorkDone, user) VALUES ('Bobs Plumbing', 11, 'Paint Walls', 'Routine maintenance task.', '485', 'Yes', 'admin');
INSERT INTO work_order (contractor, PropertyId, JobTitle, JobDescription, Material1Cost, isWorkDone, user) VALUES ('Pro Cleaners', 34, 'Fix Broken Window', 'Routine maintenance task.', '364', 'Yes', 'admin');
INSERT INTO work_order (contractor, PropertyId, JobTitle, JobDescription, Material1Cost, isWorkDone, user) VALUES ('Roof Masters', 43, 'Paint Walls', 'Routine maintenance task.', '261', 'No', 'admin');
INSERT INTO work_order (contractor, PropertyId, JobTitle, JobDescription, Material1Cost, isWorkDone, user) VALUES ('Speedy Maintenance', 8, 'Repair HVAC', 'Routine maintenance task.', '434', 'No', 'admin');
INSERT INTO work_order (contractor, PropertyId, JobTitle, JobDescription, Material1Cost, isWorkDone, user) VALUES ('Pro Cleaners', 5, 'Replace Light Fixture', 'Routine maintenance task.', '264', 'Yes', 'admin');
INSERT INTO work_order (contractor, PropertyId, JobTitle, JobDescription, Material1Cost, isWorkDone, user) VALUES ('Ace Electrical', 33, 'Clean Carpets', 'Routine maintenance task.', '71', 'No', 'admin');
INSERT INTO work_order (contractor, PropertyId, JobTitle, JobDescription, Material1Cost, isWorkDone, user) VALUES ('Roof Masters', 26, 'Clean Carpets', 'Routine maintenance task.', '108', 'No', 'admin');
INSERT INTO work_order (contractor, PropertyId, JobTitle, JobDescription, Material1Cost, isWorkDone, user) VALUES ('Pro Cleaners', 7, 'Repair HVAC', 'Routine maintenance task.', '355', 'No', 'admin');
INSERT INTO work_order (contractor, PropertyId, JobTitle, JobDescription, Material1Cost, isWorkDone, user) VALUES ('Pro Cleaners', 22, 'Repair HVAC', 'Routine maintenance task.', '153', 'No', 'admin');
INSERT INTO work_order (contractor, PropertyId, JobTitle, JobDescription, Material1Cost, isWorkDone, user) VALUES ('Pro Cleaners', 46, 'Fix Broken Window', 'Routine maintenance task.', '382', 'Yes', 'admin');
INSERT INTO work_order (contractor, PropertyId, JobTitle, JobDescription, Material1Cost, isWorkDone, user) VALUES ('Speedy Maintenance', 38, 'Repair HVAC', 'Routine maintenance task.', '136', 'Yes', 'admin');
INSERT INTO work_order (contractor, PropertyId, JobTitle, JobDescription, Material1Cost, isWorkDone, user) VALUES ('Speedy Maintenance', 24, 'Fix Leaking Pipe', 'Routine maintenance task.', '221', 'No', 'admin');
INSERT INTO work_order (contractor, PropertyId, JobTitle, JobDescription, Material1Cost, isWorkDone, user) VALUES ('Pro Cleaners', 22, 'Fix Leaking Pipe', 'Routine maintenance task.', '181', 'Yes', 'admin');
INSERT INTO work_order (contractor, PropertyId, JobTitle, JobDescription, Material1Cost, isWorkDone, user) VALUES ('Bobs Plumbing', 35, 'Paint Walls', 'Routine maintenance task.', '487', 'No', 'admin');
INSERT INTO work_order (contractor, PropertyId, JobTitle, JobDescription, Material1Cost, isWorkDone, user) VALUES ('Ace Electrical', 30, 'Repair HVAC', 'Routine maintenance task.', '159', 'No', 'admin');
INSERT INTO work_order (contractor, PropertyId, JobTitle, JobDescription, Material1Cost, isWorkDone, user) VALUES ('Ace Electrical', 36, 'Clean Carpets', 'Routine maintenance task.', '395', 'Yes', 'admin');
INSERT INTO work_order (contractor, PropertyId, JobTitle, JobDescription, Material1Cost, isWorkDone, user) VALUES ('Roof Masters', 38, 'Fix Leaking Pipe', 'Routine maintenance task.', '173', 'No', 'admin');
INSERT INTO work_order (contractor, PropertyId, JobTitle, JobDescription, Material1Cost, isWorkDone, user) VALUES ('Roof Masters', 43, 'Paint Walls', 'Routine maintenance task.', '127', 'No', 'admin');
INSERT INTO work_order (contractor, PropertyId, JobTitle, JobDescription, Material1Cost, isWorkDone, user) VALUES ('Roof Masters', 41, 'Replace Light Fixture', 'Routine maintenance task.', '459', 'Yes', 'admin');
INSERT INTO work_order (contractor, PropertyId, JobTitle, JobDescription, Material1Cost, isWorkDone, user) VALUES ('Roof Masters', 35, 'Paint Walls', 'Routine maintenance task.', '494', 'No', 'admin');
INSERT INTO work_order (contractor, PropertyId, JobTitle, JobDescription, Material1Cost, isWorkDone, user) VALUES ('Roof Masters', 34, 'Fix Leaking Pipe', 'Routine maintenance task.', '295', 'No', 'admin');
INSERT INTO work_order (contractor, PropertyId, JobTitle, JobDescription, Material1Cost, isWorkDone, user) VALUES ('Pro Cleaners', 33, 'Fix Leaking Pipe', 'Routine maintenance task.', '423', 'No', 'admin');
INSERT INTO work_order (contractor, PropertyId, JobTitle, JobDescription, Material1Cost, isWorkDone, user) VALUES ('Ace Electrical', 28, 'Replace Light Fixture', 'Routine maintenance task.', '54', 'Yes', 'admin');
INSERT INTO work_order (contractor, PropertyId, JobTitle, JobDescription, Material1Cost, isWorkDone, user) VALUES ('Roof Masters', 39, 'Fix Broken Window', 'Routine maintenance task.', '457', 'No', 'admin');
INSERT INTO work_order (contractor, PropertyId, JobTitle, JobDescription, Material1Cost, isWorkDone, user) VALUES ('Bobs Plumbing', 32, 'Repair HVAC', 'Routine maintenance task.', '140', 'No', 'admin');
INSERT INTO work_order (contractor, PropertyId, JobTitle, JobDescription, Material1Cost, isWorkDone, user) VALUES ('Bobs Plumbing', 13, 'Repair HVAC', 'Routine maintenance task.', '86', 'No', 'admin');
INSERT INTO work_order (contractor, PropertyId, JobTitle, JobDescription, Material1Cost, isWorkDone, user) VALUES ('Bobs Plumbing', 3, 'Fix Broken Window', 'Routine maintenance task.', '252', 'No', 'admin');
INSERT INTO work_order (contractor, PropertyId, JobTitle, JobDescription, Material1Cost, isWorkDone, user) VALUES ('Speedy Maintenance', 46, 'Paint Walls', 'Routine maintenance task.', '440', 'No', 'admin');
INSERT INTO work_order (contractor, PropertyId, JobTitle, JobDescription, Material1Cost, isWorkDone, user) VALUES ('Pro Cleaners', 17, 'Repair HVAC', 'Routine maintenance task.', '479', 'Yes', 'admin');
INSERT INTO work_order (contractor, PropertyId, JobTitle, JobDescription, Material1Cost, isWorkDone, user) VALUES ('Roof Masters', 36, 'Repair HVAC', 'Routine maintenance task.', '128', 'Yes', 'admin');
INSERT INTO work_order (contractor, PropertyId, JobTitle, JobDescription, Material1Cost, isWorkDone, user) VALUES ('Bobs Plumbing', 49, 'Fix Leaking Pipe', 'Routine maintenance task.', '484', 'Yes', 'admin');
INSERT INTO work_order (contractor, PropertyId, JobTitle, JobDescription, Material1Cost, isWorkDone, user) VALUES ('Roof Masters', 2, 'Repair HVAC', 'Routine maintenance task.', '194', 'Yes', 'admin');
INSERT INTO work_order (contractor, PropertyId, JobTitle, JobDescription, Material1Cost, isWorkDone, user) VALUES ('Ace Electrical', 12, 'Replace Light Fixture', 'Routine maintenance task.', '371', 'Yes', 'admin');
INSERT INTO work_order (contractor, PropertyId, JobTitle, JobDescription, Material1Cost, isWorkDone, user) VALUES ('Bobs Plumbing', 19, 'Fix Broken Window', 'Routine maintenance task.', '453', 'Yes', 'admin');
INSERT INTO work_order (contractor, PropertyId, JobTitle, JobDescription, Material1Cost, isWorkDone, user) VALUES ('Speedy Maintenance', 9, 'Clean Carpets', 'Routine maintenance task.', '419', 'Yes', 'admin');
INSERT INTO work_order (contractor, PropertyId, JobTitle, JobDescription, Material1Cost, isWorkDone, user) VALUES ('Pro Cleaners', 31, 'Clean Carpets', 'Routine maintenance task.', '424', 'Yes', 'admin');
INSERT INTO work_order (contractor, PropertyId, JobTitle, JobDescription, Material1Cost, isWorkDone, user) VALUES ('Speedy Maintenance', 1, 'Paint Walls', 'Routine maintenance task.', '250', 'No', 'admin');
INSERT INTO work_order (contractor, PropertyId, JobTitle, JobDescription, Material1Cost, isWorkDone, user) VALUES ('Pro Cleaners', 48, 'Repair HVAC', 'Routine maintenance task.', '328', 'No', 'admin');
INSERT INTO work_order (contractor, PropertyId, JobTitle, JobDescription, Material1Cost, isWorkDone, user) VALUES ('Roof Masters', 40, 'Repair HVAC', 'Routine maintenance task.', '476', 'Yes', 'admin');
INSERT INTO work_order (contractor, PropertyId, JobTitle, JobDescription, Material1Cost, isWorkDone, user) VALUES ('Roof Masters', 17, 'Repair HVAC', 'Routine maintenance task.', '438', 'Yes', 'admin');
INSERT INTO work_order (contractor, PropertyId, JobTitle, JobDescription, Material1Cost, isWorkDone, user) VALUES ('Speedy Maintenance', 7, 'Paint Walls', 'Routine maintenance task.', '466', 'Yes', 'admin');
INSERT INTO work_order (contractor, PropertyId, JobTitle, JobDescription, Material1Cost, isWorkDone, user) VALUES ('Pro Cleaners', 1, 'Clean Carpets', 'Routine maintenance task.', '338', 'Yes', 'admin');
INSERT INTO work_order (contractor, PropertyId, JobTitle, JobDescription, Material1Cost, isWorkDone, user) VALUES ('Pro Cleaners', 33, 'Fix Broken Window', 'Routine maintenance task.', '85', 'Yes', 'admin');
INSERT INTO work_order (contractor, PropertyId, JobTitle, JobDescription, Material1Cost, isWorkDone, user) VALUES ('Pro Cleaners', 13, 'Fix Broken Window', 'Routine maintenance task.', '379', 'No', 'admin');
INSERT INTO work_order (contractor, PropertyId, JobTitle, JobDescription, Material1Cost, isWorkDone, user) VALUES ('Pro Cleaners', 26, 'Fix Leaking Pipe', 'Routine maintenance task.', '405', 'No', 'admin');
INSERT INTO work_order (contractor, PropertyId, JobTitle, JobDescription, Material1Cost, isWorkDone, user) VALUES ('Bobs Plumbing', 39, 'Clean Carpets', 'Routine maintenance task.', '396', 'Yes', 'admin');
INSERT INTO work_order (contractor, PropertyId, JobTitle, JobDescription, Material1Cost, isWorkDone, user) VALUES ('Roof Masters', 18, 'Fix Leaking Pipe', 'Routine maintenance task.', '237', 'Yes', 'admin');
INSERT INTO work_order (contractor, PropertyId, JobTitle, JobDescription, Material1Cost, isWorkDone, user) VALUES ('Speedy Maintenance', 12, 'Repair HVAC', 'Routine maintenance task.', '485', 'Yes', 'admin');
INSERT INTO work_order (contractor, PropertyId, JobTitle, JobDescription, Material1Cost, isWorkDone, user) VALUES ('Speedy Maintenance', 9, 'Replace Light Fixture', 'Routine maintenance task.', '403', 'No', 'admin');
INSERT INTO work_order (contractor, PropertyId, JobTitle, JobDescription, Material1Cost, isWorkDone, user) VALUES ('Pro Cleaners', 48, 'Replace Light Fixture', 'Routine maintenance task.', '126', 'Yes', 'admin');
INSERT INTO work_order (contractor, PropertyId, JobTitle, JobDescription, Material1Cost, isWorkDone, user) VALUES ('Speedy Maintenance', 11, 'Fix Broken Window', 'Routine maintenance task.', '54', 'No', 'admin');
INSERT INTO work_order (contractor, PropertyId, JobTitle, JobDescription, Material1Cost, isWorkDone, user) VALUES ('Speedy Maintenance', 50, 'Clean Carpets', 'Routine maintenance task.', '57', 'No', 'admin');
INSERT INTO work_order (contractor, PropertyId, JobTitle, JobDescription, Material1Cost, isWorkDone, user) VALUES ('Ace Electrical', 31, 'Fix Broken Window', 'Routine maintenance task.', '79', 'No', 'admin');
INSERT INTO work_order (contractor, PropertyId, JobTitle, JobDescription, Material1Cost, isWorkDone, user) VALUES ('Roof Masters', 24, 'Clean Carpets', 'Routine maintenance task.', '346', 'No', 'admin');
INSERT INTO work_order (contractor, PropertyId, JobTitle, JobDescription, Material1Cost, isWorkDone, user) VALUES ('Speedy Maintenance', 49, 'Paint Walls', 'Routine maintenance task.', '413', 'Yes', 'admin');
INSERT INTO work_order (contractor, PropertyId, JobTitle, JobDescription, Material1Cost, isWorkDone, user) VALUES ('Speedy Maintenance', 4, 'Clean Carpets', 'Routine maintenance task.', '240', 'Yes', 'admin');
INSERT INTO work_order (contractor, PropertyId, JobTitle, JobDescription, Material1Cost, isWorkDone, user) VALUES ('Ace Electrical', 38, 'Replace Light Fixture', 'Routine maintenance task.', '493', 'Yes', 'admin');
INSERT INTO work_order (contractor, PropertyId, JobTitle, JobDescription, Material1Cost, isWorkDone, user) VALUES ('Pro Cleaners', 22, 'Repair HVAC', 'Routine maintenance task.', '155', 'No', 'admin');
INSERT INTO work_order (contractor, PropertyId, JobTitle, JobDescription, Material1Cost, isWorkDone, user) VALUES ('Roof Masters', 24, 'Fix Leaking Pipe', 'Routine maintenance task.', '280', 'Yes', 'admin');
INSERT INTO work_order (contractor, PropertyId, JobTitle, JobDescription, Material1Cost, isWorkDone, user) VALUES ('Roof Masters', 27, 'Repair HVAC', 'Routine maintenance task.', '458', 'Yes', 'admin');
INSERT INTO work_order (contractor, PropertyId, JobTitle, JobDescription, Material1Cost, isWorkDone, user) VALUES ('Speedy Maintenance', 22, 'Clean Carpets', 'Routine maintenance task.', '208', 'Yes', 'admin');
INSERT INTO work_order (contractor, PropertyId, JobTitle, JobDescription, Material1Cost, isWorkDone, user) VALUES ('Ace Electrical', 37, 'Fix Leaking Pipe', 'Routine maintenance task.', '319', 'Yes', 'admin');
INSERT INTO work_order (contractor, PropertyId, JobTitle, JobDescription, Material1Cost, isWorkDone, user) VALUES ('Pro Cleaners', 13, 'Paint Walls', 'Routine maintenance task.', '197', 'Yes', 'admin');
INSERT INTO work_order (contractor, PropertyId, JobTitle, JobDescription, Material1Cost, isWorkDone, user) VALUES ('Speedy Maintenance', 8, 'Clean Carpets', 'Routine maintenance task.', '95', 'No', 'admin');
INSERT INTO work_order (contractor, PropertyId, JobTitle, JobDescription, Material1Cost, isWorkDone, user) VALUES ('Ace Electrical', 39, 'Clean Carpets', 'Routine maintenance task.', '68', 'Yes', 'admin');
INSERT INTO work_order (contractor, PropertyId, JobTitle, JobDescription, Material1Cost, isWorkDone, user) VALUES ('Bobs Plumbing', 14, 'Fix Broken Window', 'Routine maintenance task.', '404', 'No', 'admin');
INSERT INTO work_order (contractor, PropertyId, JobTitle, JobDescription, Material1Cost, isWorkDone, user) VALUES ('Bobs Plumbing', 37, 'Repair HVAC', 'Routine maintenance task.', '251', 'No', 'admin');
INSERT INTO work_order (contractor, PropertyId, JobTitle, JobDescription, Material1Cost, isWorkDone, user) VALUES ('Pro Cleaners', 2, 'Fix Broken Window', 'Routine maintenance task.', '241', 'Yes', 'admin');
INSERT INTO work_order (contractor, PropertyId, JobTitle, JobDescription, Material1Cost, isWorkDone, user) VALUES ('Bobs Plumbing', 40, 'Repair HVAC', 'Routine maintenance task.', '383', 'No', 'admin');
INSERT INTO work_order (contractor, PropertyId, JobTitle, JobDescription, Material1Cost, isWorkDone, user) VALUES ('Ace Electrical', 1, 'Paint Walls', 'Routine maintenance task.', '367', 'Yes', 'admin');
INSERT INTO work_order (contractor, PropertyId, JobTitle, JobDescription, Material1Cost, isWorkDone, user) VALUES ('Roof Masters', 12, 'Repair HVAC', 'Routine maintenance task.', '173', 'No', 'admin');
INSERT INTO work_order (contractor, PropertyId, JobTitle, JobDescription, Material1Cost, isWorkDone, user) VALUES ('Ace Electrical', 18, 'Fix Broken Window', 'Routine maintenance task.', '410', 'Yes', 'admin');
INSERT INTO work_order (contractor, PropertyId, JobTitle, JobDescription, Material1Cost, isWorkDone, user) VALUES ('Speedy Maintenance', 32, 'Repair HVAC', 'Routine maintenance task.', '375', 'Yes', 'admin');
INSERT INTO work_order (contractor, PropertyId, JobTitle, JobDescription, Material1Cost, isWorkDone, user) VALUES ('Speedy Maintenance', 23, 'Replace Light Fixture', 'Routine maintenance task.', '409', 'No', 'admin');
INSERT INTO work_order (contractor, PropertyId, JobTitle, JobDescription, Material1Cost, isWorkDone, user) VALUES ('Roof Masters', 1, 'Paint Walls', 'Routine maintenance task.', '379', 'No', 'admin');
INSERT INTO work_order (contractor, PropertyId, JobTitle, JobDescription, Material1Cost, isWorkDone, user) VALUES ('Bobs Plumbing', 10, 'Clean Carpets', 'Routine maintenance task.', '202', 'No', 'admin');
INSERT INTO work_order (contractor, PropertyId, JobTitle, JobDescription, Material1Cost, isWorkDone, user) VALUES ('Ace Electrical', 33, 'Fix Broken Window', 'Routine maintenance task.', '431', 'Yes', 'admin');
INSERT INTO work_order (contractor, PropertyId, JobTitle, JobDescription, Material1Cost, isWorkDone, user) VALUES ('Roof Masters', 17, 'Clean Carpets', 'Routine maintenance task.', '438', 'No', 'admin');
INSERT INTO work_order (contractor, PropertyId, JobTitle, JobDescription, Material1Cost, isWorkDone, user) VALUES ('Ace Electrical', 20, 'Fix Broken Window', 'Routine maintenance task.', '301', 'Yes', 'admin');
INSERT INTO work_order (contractor, PropertyId, JobTitle, JobDescription, Material1Cost, isWorkDone, user) VALUES ('Bobs Plumbing', 7, 'Replace Light Fixture', 'Routine maintenance task.', '478', 'Yes', 'admin');
INSERT INTO work_order (contractor, PropertyId, JobTitle, JobDescription, Material1Cost, isWorkDone, user) VALUES ('Roof Masters', 35, 'Replace Light Fixture', 'Routine maintenance task.', '442', 'No', 'admin');
INSERT INTO work_order (contractor, PropertyId, JobTitle, JobDescription, Material1Cost, isWorkDone, user) VALUES ('Bobs Plumbing', 7, 'Replace Light Fixture', 'Routine maintenance task.', '410', 'No', 'admin');
INSERT INTO work_order (contractor, PropertyId, JobTitle, JobDescription, Material1Cost, isWorkDone, user) VALUES ('Ace Electrical', 48, 'Fix Leaking Pipe', 'Routine maintenance task.', '299', 'Yes', 'admin');
INSERT INTO work_order (contractor, PropertyId, JobTitle, JobDescription, Material1Cost, isWorkDone, user) VALUES ('Ace Electrical', 45, 'Clean Carpets', 'Routine maintenance task.', '379', 'Yes', 'admin');
INSERT INTO work_order (contractor, PropertyId, JobTitle, JobDescription, Material1Cost, isWorkDone, user) VALUES ('Ace Electrical', 38, 'Fix Leaking Pipe', 'Routine maintenance task.', '415', 'No', 'admin');
INSERT INTO work_order (contractor, PropertyId, JobTitle, JobDescription, Material1Cost, isWorkDone, user) VALUES ('Pro Cleaners', 10, 'Fix Broken Window', 'Routine maintenance task.', '290', 'No', 'admin');
INSERT INTO work_order (contractor, PropertyId, JobTitle, JobDescription, Material1Cost, isWorkDone, user) VALUES ('Roof Masters', 34, 'Fix Broken Window', 'Routine maintenance task.', '481', 'No', 'admin');
INSERT INTO work_order (contractor, PropertyId, JobTitle, JobDescription, Material1Cost, isWorkDone, user) VALUES ('Pro Cleaners', 13, 'Paint Walls', 'Routine maintenance task.', '107', 'Yes', 'admin');
INSERT INTO work_order (contractor, PropertyId, JobTitle, JobDescription, Material1Cost, isWorkDone, user) VALUES ('Bobs Plumbing', 32, 'Fix Leaking Pipe', 'Routine maintenance task.', '465', 'Yes', 'admin');
INSERT INTO work_order (contractor, PropertyId, JobTitle, JobDescription, Material1Cost, isWorkDone, user) VALUES ('Roof Masters', 18, 'Fix Broken Window', 'Routine maintenance task.', '353', 'No', 'admin');
INSERT INTO work_order (contractor, PropertyId, JobTitle, JobDescription, Material1Cost, isWorkDone, user) VALUES ('Pro Cleaners', 30, 'Fix Broken Window', 'Routine maintenance task.', '144', 'Yes', 'admin');
INSERT INTO work_order (contractor, PropertyId, JobTitle, JobDescription, Material1Cost, isWorkDone, user) VALUES ('Speedy Maintenance', 26, 'Fix Leaking Pipe', 'Routine maintenance task.', '242', 'No', 'admin');
INSERT INTO work_order (contractor, PropertyId, JobTitle, JobDescription, Material1Cost, isWorkDone, user) VALUES ('Ace Electrical', 10, 'Fix Broken Window', 'Routine maintenance task.', '493', 'Yes', 'admin');
INSERT INTO work_order (contractor, PropertyId, JobTitle, JobDescription, Material1Cost, isWorkDone, user) VALUES ('Ace Electrical', 48, 'Paint Walls', 'Routine maintenance task.', '53', 'No', 'admin');
INSERT INTO work_order (contractor, PropertyId, JobTitle, JobDescription, Material1Cost, isWorkDone, user) VALUES ('Bobs Plumbing', 41, 'Repair HVAC', 'Routine maintenance task.', '328', 'No', 'admin');
INSERT INTO work_order (contractor, PropertyId, JobTitle, JobDescription, Material1Cost, isWorkDone, user) VALUES ('Speedy Maintenance', 36, 'Paint Walls', 'Routine maintenance task.', '101', 'No', 'admin');
INSERT INTO work_order (contractor, PropertyId, JobTitle, JobDescription, Material1Cost, isWorkDone, user) VALUES ('Pro Cleaners', 37, 'Fix Leaking Pipe', 'Routine maintenance task.', '377', 'Yes', 'admin');
INSERT INTO work_order (contractor, PropertyId, JobTitle, JobDescription, Material1Cost, isWorkDone, user) VALUES ('Ace Electrical', 30, 'Fix Leaking Pipe', 'Routine maintenance task.', '297', 'Yes', 'admin');
INSERT INTO work_order (contractor, PropertyId, JobTitle, JobDescription, Material1Cost, isWorkDone, user) VALUES ('Roof Masters', 6, 'Clean Carpets', 'Routine maintenance task.', '291', 'No', 'admin');
INSERT INTO work_order (contractor, PropertyId, JobTitle, JobDescription, Material1Cost, isWorkDone, user) VALUES ('Ace Electrical', 45, 'Fix Broken Window', 'Routine maintenance task.', '59', 'No', 'admin');
INSERT INTO work_order (contractor, PropertyId, JobTitle, JobDescription, Material1Cost, isWorkDone, user) VALUES ('Roof Masters', 34, 'Clean Carpets', 'Routine maintenance task.', '90', 'Yes', 'admin');
INSERT INTO work_order (contractor, PropertyId, JobTitle, JobDescription, Material1Cost, isWorkDone, user) VALUES ('Roof Masters', 7, 'Repair HVAC', 'Routine maintenance task.', '293', 'Yes', 'admin');
INSERT INTO work_order (contractor, PropertyId, JobTitle, JobDescription, Material1Cost, isWorkDone, user) VALUES ('Pro Cleaners', 2, 'Replace Light Fixture', 'Routine maintenance task.', '422', 'No', 'admin');
INSERT INTO work_order (contractor, PropertyId, JobTitle, JobDescription, Material1Cost, isWorkDone, user) VALUES ('Ace Electrical', 20, 'Paint Walls', 'Routine maintenance task.', '446', 'No', 'admin');
INSERT INTO work_order (contractor, PropertyId, JobTitle, JobDescription, Material1Cost, isWorkDone, user) VALUES ('Bobs Plumbing', 31, 'Paint Walls', 'Routine maintenance task.', '483', 'No', 'admin');
INSERT INTO work_order (contractor, PropertyId, JobTitle, JobDescription, Material1Cost, isWorkDone, user) VALUES ('Bobs Plumbing', 32, 'Fix Leaking Pipe', 'Routine maintenance task.', '64', 'Yes', 'admin');
INSERT INTO work_order (contractor, PropertyId, JobTitle, JobDescription, Material1Cost, isWorkDone, user) VALUES ('Roof Masters', 20, 'Paint Walls', 'Routine maintenance task.', '198', 'Yes', 'admin');
INSERT INTO work_order (contractor, PropertyId, JobTitle, JobDescription, Material1Cost, isWorkDone, user) VALUES ('Bobs Plumbing', 27, 'Replace Light Fixture', 'Routine maintenance task.', '134', 'No', 'admin');
INSERT INTO work_order (contractor, PropertyId, JobTitle, JobDescription, Material1Cost, isWorkDone, user) VALUES ('Bobs Plumbing', 27, 'Repair HVAC', 'Routine maintenance task.', '404', 'Yes', 'admin');
INSERT INTO work_order (contractor, PropertyId, JobTitle, JobDescription, Material1Cost, isWorkDone, user) VALUES ('Bobs Plumbing', 39, 'Paint Walls', 'Routine maintenance task.', '199', 'Yes', 'admin');
INSERT INTO work_order (contractor, PropertyId, JobTitle, JobDescription, Material1Cost, isWorkDone, user) VALUES ('Speedy Maintenance', 23, 'Fix Broken Window', 'Routine maintenance task.', '191', 'No', 'admin');
INSERT INTO work_order (contractor, PropertyId, JobTitle, JobDescription, Material1Cost, isWorkDone, user) VALUES ('Bobs Plumbing', 27, 'Clean Carpets', 'Routine maintenance task.', '429', 'No', 'admin');
INSERT INTO work_order (contractor, PropertyId, JobTitle, JobDescription, Material1Cost, isWorkDone, user) VALUES ('Speedy Maintenance', 37, 'Repair HVAC', 'Routine maintenance task.', '67', 'No', 'admin');
INSERT INTO work_order (contractor, PropertyId, JobTitle, JobDescription, Material1Cost, isWorkDone, user) VALUES ('Roof Masters', 28, 'Repair HVAC', 'Routine maintenance task.', '133', 'Yes', 'admin');
INSERT INTO work_order (contractor, PropertyId, JobTitle, JobDescription, Material1Cost, isWorkDone, user) VALUES ('Speedy Maintenance', 42, 'Paint Walls', 'Routine maintenance task.', '382', 'Yes', 'admin');
INSERT INTO work_order (contractor, PropertyId, JobTitle, JobDescription, Material1Cost, isWorkDone, user) VALUES ('Bobs Plumbing', 38, 'Replace Light Fixture', 'Routine maintenance task.', '120', 'Yes', 'admin');
INSERT INTO work_order (contractor, PropertyId, JobTitle, JobDescription, Material1Cost, isWorkDone, user) VALUES ('Roof Masters', 11, 'Fix Leaking Pipe', 'Routine maintenance task.', '244', 'Yes', 'admin');
INSERT INTO work_order (contractor, PropertyId, JobTitle, JobDescription, Material1Cost, isWorkDone, user) VALUES ('Roof Masters', 39, 'Replace Light Fixture', 'Routine maintenance task.', '153', 'No', 'admin');
INSERT INTO work_order (contractor, PropertyId, JobTitle, JobDescription, Material1Cost, isWorkDone, user) VALUES ('Pro Cleaners', 25, 'Repair HVAC', 'Routine maintenance task.', '479', 'No', 'admin');
INSERT INTO work_order (contractor, PropertyId, JobTitle, JobDescription, Material1Cost, isWorkDone, user) VALUES ('Pro Cleaners', 33, 'Fix Broken Window', 'Routine maintenance task.', '299', 'Yes', 'admin');
INSERT INTO work_order (contractor, PropertyId, JobTitle, JobDescription, Material1Cost, isWorkDone, user) VALUES ('Roof Masters', 6, 'Clean Carpets', 'Routine maintenance task.', '228', 'No', 'admin');
INSERT INTO work_order (contractor, PropertyId, JobTitle, JobDescription, Material1Cost, isWorkDone, user) VALUES ('Speedy Maintenance', 17, 'Fix Broken Window', 'Routine maintenance task.', '363', 'No', 'admin');
INSERT INTO work_order (contractor, PropertyId, JobTitle, JobDescription, Material1Cost, isWorkDone, user) VALUES ('Speedy Maintenance', 4, 'Fix Leaking Pipe', 'Routine maintenance task.', '71', 'Yes', 'admin');
INSERT INTO work_order (contractor, PropertyId, JobTitle, JobDescription, Material1Cost, isWorkDone, user) VALUES ('Speedy Maintenance', 5, 'Replace Light Fixture', 'Routine maintenance task.', '423', 'No', 'admin');
INSERT INTO work_order (contractor, PropertyId, JobTitle, JobDescription, Material1Cost, isWorkDone, user) VALUES ('Pro Cleaners', 26, 'Clean Carpets', 'Routine maintenance task.', '130', 'Yes', 'admin');
INSERT INTO work_order (contractor, PropertyId, JobTitle, JobDescription, Material1Cost, isWorkDone, user) VALUES ('Pro Cleaners', 39, 'Clean Carpets', 'Routine maintenance task.', '172', 'No', 'admin');
INSERT INTO work_order (contractor, PropertyId, JobTitle, JobDescription, Material1Cost, isWorkDone, user) VALUES ('Roof Masters', 16, 'Replace Light Fixture', 'Routine maintenance task.', '468', 'Yes', 'admin');
INSERT INTO work_order (contractor, PropertyId, JobTitle, JobDescription, Material1Cost, isWorkDone, user) VALUES ('Bobs Plumbing', 46, 'Repair HVAC', 'Routine maintenance task.', '416', 'No', 'admin');
INSERT INTO work_order (contractor, PropertyId, JobTitle, JobDescription, Material1Cost, isWorkDone, user) VALUES ('Ace Electrical', 45, 'Clean Carpets', 'Routine maintenance task.', '54', 'Yes', 'admin');
INSERT INTO work_order (contractor, PropertyId, JobTitle, JobDescription, Material1Cost, isWorkDone, user) VALUES ('Speedy Maintenance', 44, 'Paint Walls', 'Routine maintenance task.', '278', 'No', 'admin');
INSERT INTO work_order (contractor, PropertyId, JobTitle, JobDescription, Material1Cost, isWorkDone, user) VALUES ('Bobs Plumbing', 17, 'Fix Broken Window', 'Routine maintenance task.', '354', 'Yes', 'admin');
INSERT INTO work_order (contractor, PropertyId, JobTitle, JobDescription, Material1Cost, isWorkDone, user) VALUES ('Roof Masters', 6, 'Clean Carpets', 'Routine maintenance task.', '262', 'Yes', 'admin');
INSERT INTO work_order (contractor, PropertyId, JobTitle, JobDescription, Material1Cost, isWorkDone, user) VALUES ('Bobs Plumbing', 26, 'Paint Walls', 'Routine maintenance task.', '77', 'Yes', 'admin');
INSERT INTO work_order (contractor, PropertyId, JobTitle, JobDescription, Material1Cost, isWorkDone, user) VALUES ('Speedy Maintenance', 42, 'Fix Leaking Pipe', 'Routine maintenance task.', '59', 'Yes', 'admin');
INSERT INTO work_order (contractor, PropertyId, JobTitle, JobDescription, Material1Cost, isWorkDone, user) VALUES ('Ace Electrical', 42, 'Fix Broken Window', 'Routine maintenance task.', '192', 'No', 'admin');
INSERT INTO work_order (contractor, PropertyId, JobTitle, JobDescription, Material1Cost, isWorkDone, user) VALUES ('Speedy Maintenance', 17, 'Paint Walls', 'Routine maintenance task.', '198', 'Yes', 'admin');
INSERT INTO work_order (contractor, PropertyId, JobTitle, JobDescription, Material1Cost, isWorkDone, user) VALUES ('Pro Cleaners', 24, 'Paint Walls', 'Routine maintenance task.', '407', 'No', 'admin');
INSERT INTO work_order (contractor, PropertyId, JobTitle, JobDescription, Material1Cost, isWorkDone, user) VALUES ('Bobs Plumbing', 8, 'Fix Broken Window', 'Routine maintenance task.', '383', 'No', 'admin');
INSERT INTO p_maintenance_log (contractor, PropertyId, UnitName, Category, MaintenanceTitle, Description, when_done, user) VALUES ('Ace Electrical', 17, '1', 'Plumbing', 'Clean Carpets', 'Completed maintenance task.', '2026-05-01', 'admin');
INSERT INTO p_maintenance_log (contractor, PropertyId, UnitName, Category, MaintenanceTitle, Description, when_done, user) VALUES ('Speedy Maintenance', 4, '4', 'HVAC', 'Clean Carpets', 'Completed maintenance task.', '2026-05-01', 'admin');
INSERT INTO p_maintenance_log (contractor, PropertyId, UnitName, Category, MaintenanceTitle, Description, when_done, user) VALUES ('Pro Cleaners', 39, '8', 'Plumbing', 'Fix Leaking Pipe', 'Completed maintenance task.', '2026-05-01', 'admin');
INSERT INTO p_maintenance_log (contractor, PropertyId, UnitName, Category, MaintenanceTitle, Description, when_done, user) VALUES ('Roof Masters', 32, '6', 'Electrical', 'Fix Broken Window', 'Completed maintenance task.', '2026-05-01', 'admin');
INSERT INTO p_maintenance_log (contractor, PropertyId, UnitName, Category, MaintenanceTitle, Description, when_done, user) VALUES ('Speedy Maintenance', 36, '8', 'General', 'Fix Broken Window', 'Completed maintenance task.', '2026-05-01', 'admin');
INSERT INTO p_maintenance_log (contractor, PropertyId, UnitName, Category, MaintenanceTitle, Description, when_done, user) VALUES ('Roof Masters', 35, '7', 'Plumbing', 'Fix Leaking Pipe', 'Completed maintenance task.', '2026-05-01', 'admin');
INSERT INTO p_maintenance_log (contractor, PropertyId, UnitName, Category, MaintenanceTitle, Description, when_done, user) VALUES ('Roof Masters', 20, '2', 'Electrical', 'Clean Carpets', 'Completed maintenance task.', '2026-05-01', 'admin');
INSERT INTO p_maintenance_log (contractor, PropertyId, UnitName, Category, MaintenanceTitle, Description, when_done, user) VALUES ('Roof Masters', 48, '7', 'Plumbing', 'Fix Leaking Pipe', 'Completed maintenance task.', '2026-05-01', 'admin');
INSERT INTO p_maintenance_log (contractor, PropertyId, UnitName, Category, MaintenanceTitle, Description, when_done, user) VALUES ('Bobs Plumbing', 23, '10', 'HVAC', 'Replace Light Fixture', 'Completed maintenance task.', '2026-05-01', 'admin');
INSERT INTO p_maintenance_log (contractor, PropertyId, UnitName, Category, MaintenanceTitle, Description, when_done, user) VALUES ('Pro Cleaners', 22, '9', 'Electrical', 'Replace Light Fixture', 'Completed maintenance task.', '2026-05-01', 'admin');
INSERT INTO p_maintenance_log (contractor, PropertyId, UnitName, Category, MaintenanceTitle, Description, when_done, user) VALUES ('Speedy Maintenance', 17, '9', 'General', 'Repair HVAC', 'Completed maintenance task.', '2026-05-01', 'admin');
INSERT INTO p_maintenance_log (contractor, PropertyId, UnitName, Category, MaintenanceTitle, Description, when_done, user) VALUES ('Ace Electrical', 14, '10', 'HVAC', 'Clean Carpets', 'Completed maintenance task.', '2026-05-01', 'admin');
INSERT INTO p_maintenance_log (contractor, PropertyId, UnitName, Category, MaintenanceTitle, Description, when_done, user) VALUES ('Bobs Plumbing', 18, '7', 'Plumbing', 'Fix Leaking Pipe', 'Completed maintenance task.', '2026-05-01', 'admin');
INSERT INTO p_maintenance_log (contractor, PropertyId, UnitName, Category, MaintenanceTitle, Description, when_done, user) VALUES ('Speedy Maintenance', 38, '7', 'Electrical', 'Fix Leaking Pipe', 'Completed maintenance task.', '2026-05-01', 'admin');
INSERT INTO p_maintenance_log (contractor, PropertyId, UnitName, Category, MaintenanceTitle, Description, when_done, user) VALUES ('Pro Cleaners', 9, '6', 'Plumbing', 'Paint Walls', 'Completed maintenance task.', '2026-05-01', 'admin');
INSERT INTO p_maintenance_log (contractor, PropertyId, UnitName, Category, MaintenanceTitle, Description, when_done, user) VALUES ('Ace Electrical', 35, '1', 'Plumbing', 'Fix Leaking Pipe', 'Completed maintenance task.', '2026-05-01', 'admin');
INSERT INTO p_maintenance_log (contractor, PropertyId, UnitName, Category, MaintenanceTitle, Description, when_done, user) VALUES ('Ace Electrical', 49, '1', 'HVAC', 'Clean Carpets', 'Completed maintenance task.', '2026-05-01', 'admin');
INSERT INTO p_maintenance_log (contractor, PropertyId, UnitName, Category, MaintenanceTitle, Description, when_done, user) VALUES ('Speedy Maintenance', 27, '2', 'Electrical', 'Replace Light Fixture', 'Completed maintenance task.', '2026-05-01', 'admin');
INSERT INTO p_maintenance_log (contractor, PropertyId, UnitName, Category, MaintenanceTitle, Description, when_done, user) VALUES ('Roof Masters', 22, '4', 'HVAC', 'Paint Walls', 'Completed maintenance task.', '2026-05-01', 'admin');
INSERT INTO p_maintenance_log (contractor, PropertyId, UnitName, Category, MaintenanceTitle, Description, when_done, user) VALUES ('Speedy Maintenance', 2, '6', 'HVAC', 'Repair HVAC', 'Completed maintenance task.', '2026-05-01', 'admin');
INSERT INTO p_maintenance_log (contractor, PropertyId, UnitName, Category, MaintenanceTitle, Description, when_done, user) VALUES ('Ace Electrical', 15, '5', 'General', 'Replace Light Fixture', 'Completed maintenance task.', '2026-05-01', 'admin');
INSERT INTO p_maintenance_log (contractor, PropertyId, UnitName, Category, MaintenanceTitle, Description, when_done, user) VALUES ('Roof Masters', 50, '5', 'HVAC', 'Fix Broken Window', 'Completed maintenance task.', '2026-05-01', 'admin');
INSERT INTO p_maintenance_log (contractor, PropertyId, UnitName, Category, MaintenanceTitle, Description, when_done, user) VALUES ('Roof Masters', 23, '6', 'HVAC', 'Fix Broken Window', 'Completed maintenance task.', '2026-05-01', 'admin');
INSERT INTO p_maintenance_log (contractor, PropertyId, UnitName, Category, MaintenanceTitle, Description, when_done, user) VALUES ('Pro Cleaners', 5, '8', 'Electrical', 'Replace Light Fixture', 'Completed maintenance task.', '2026-05-01', 'admin');
INSERT INTO p_maintenance_log (contractor, PropertyId, UnitName, Category, MaintenanceTitle, Description, when_done, user) VALUES ('Roof Masters', 30, '7', 'General', 'Fix Broken Window', 'Completed maintenance task.', '2026-05-01', 'admin');
INSERT INTO p_maintenance_log (contractor, PropertyId, UnitName, Category, MaintenanceTitle, Description, when_done, user) VALUES ('Speedy Maintenance', 2, '3', 'Electrical', 'Fix Leaking Pipe', 'Completed maintenance task.', '2026-05-01', 'admin');
INSERT INTO p_maintenance_log (contractor, PropertyId, UnitName, Category, MaintenanceTitle, Description, when_done, user) VALUES ('Roof Masters', 11, '7', 'Electrical', 'Repair HVAC', 'Completed maintenance task.', '2026-05-01', 'admin');
INSERT INTO p_maintenance_log (contractor, PropertyId, UnitName, Category, MaintenanceTitle, Description, when_done, user) VALUES ('Speedy Maintenance', 7, '2', 'HVAC', 'Fix Leaking Pipe', 'Completed maintenance task.', '2026-05-01', 'admin');
INSERT INTO p_maintenance_log (contractor, PropertyId, UnitName, Category, MaintenanceTitle, Description, when_done, user) VALUES ('Roof Masters', 37, '3', 'Plumbing', 'Replace Light Fixture', 'Completed maintenance task.', '2026-05-01', 'admin');
INSERT INTO p_maintenance_log (contractor, PropertyId, UnitName, Category, MaintenanceTitle, Description, when_done, user) VALUES ('Pro Cleaners', 46, '10', 'HVAC', 'Fix Leaking Pipe', 'Completed maintenance task.', '2026-05-01', 'admin');
INSERT INTO p_maintenance_log (contractor, PropertyId, UnitName, Category, MaintenanceTitle, Description, when_done, user) VALUES ('Speedy Maintenance', 11, '3', 'HVAC', 'Replace Light Fixture', 'Completed maintenance task.', '2026-05-01', 'admin');
INSERT INTO p_maintenance_log (contractor, PropertyId, UnitName, Category, MaintenanceTitle, Description, when_done, user) VALUES ('Speedy Maintenance', 50, '10', 'Electrical', 'Replace Light Fixture', 'Completed maintenance task.', '2026-05-01', 'admin');
INSERT INTO p_maintenance_log (contractor, PropertyId, UnitName, Category, MaintenanceTitle, Description, when_done, user) VALUES ('Roof Masters', 3, '5', 'Electrical', 'Replace Light Fixture', 'Completed maintenance task.', '2026-05-01', 'admin');
INSERT INTO p_maintenance_log (contractor, PropertyId, UnitName, Category, MaintenanceTitle, Description, when_done, user) VALUES ('Speedy Maintenance', 19, '10', 'HVAC', 'Replace Light Fixture', 'Completed maintenance task.', '2026-05-01', 'admin');
INSERT INTO p_maintenance_log (contractor, PropertyId, UnitName, Category, MaintenanceTitle, Description, when_done, user) VALUES ('Ace Electrical', 21, '1', 'Plumbing', 'Paint Walls', 'Completed maintenance task.', '2026-05-01', 'admin');
INSERT INTO p_maintenance_log (contractor, PropertyId, UnitName, Category, MaintenanceTitle, Description, when_done, user) VALUES ('Ace Electrical', 11, '10', 'HVAC', 'Fix Leaking Pipe', 'Completed maintenance task.', '2026-05-01', 'admin');
INSERT INTO p_maintenance_log (contractor, PropertyId, UnitName, Category, MaintenanceTitle, Description, when_done, user) VALUES ('Roof Masters', 25, '9', 'General', 'Repair HVAC', 'Completed maintenance task.', '2026-05-01', 'admin');
INSERT INTO p_maintenance_log (contractor, PropertyId, UnitName, Category, MaintenanceTitle, Description, when_done, user) VALUES ('Ace Electrical', 47, '1', 'HVAC', 'Replace Light Fixture', 'Completed maintenance task.', '2026-05-01', 'admin');
INSERT INTO p_maintenance_log (contractor, PropertyId, UnitName, Category, MaintenanceTitle, Description, when_done, user) VALUES ('Pro Cleaners', 15, '6', 'Plumbing', 'Clean Carpets', 'Completed maintenance task.', '2026-05-01', 'admin');
INSERT INTO p_maintenance_log (contractor, PropertyId, UnitName, Category, MaintenanceTitle, Description, when_done, user) VALUES ('Speedy Maintenance', 8, '5', 'General', 'Fix Broken Window', 'Completed maintenance task.', '2026-05-01', 'admin');
INSERT INTO p_maintenance_log (contractor, PropertyId, UnitName, Category, MaintenanceTitle, Description, when_done, user) VALUES ('Speedy Maintenance', 43, '9', 'Plumbing', 'Paint Walls', 'Completed maintenance task.', '2026-05-01', 'admin');
INSERT INTO p_maintenance_log (contractor, PropertyId, UnitName, Category, MaintenanceTitle, Description, when_done, user) VALUES ('Ace Electrical', 17, '5', 'Plumbing', 'Repair HVAC', 'Completed maintenance task.', '2026-05-01', 'admin');
INSERT INTO p_maintenance_log (contractor, PropertyId, UnitName, Category, MaintenanceTitle, Description, when_done, user) VALUES ('Bobs Plumbing', 17, '1', 'General', 'Fix Broken Window', 'Completed maintenance task.', '2026-05-01', 'admin');
INSERT INTO p_maintenance_log (contractor, PropertyId, UnitName, Category, MaintenanceTitle, Description, when_done, user) VALUES ('Ace Electrical', 23, '8', 'HVAC', 'Repair HVAC', 'Completed maintenance task.', '2026-05-01', 'admin');
INSERT INTO p_maintenance_log (contractor, PropertyId, UnitName, Category, MaintenanceTitle, Description, when_done, user) VALUES ('Bobs Plumbing', 5, '8', 'Electrical', 'Fix Broken Window', 'Completed maintenance task.', '2026-05-01', 'admin');
INSERT INTO p_maintenance_log (contractor, PropertyId, UnitName, Category, MaintenanceTitle, Description, when_done, user) VALUES ('Pro Cleaners', 18, '1', 'Plumbing', 'Fix Broken Window', 'Completed maintenance task.', '2026-05-01', 'admin');
INSERT INTO p_maintenance_log (contractor, PropertyId, UnitName, Category, MaintenanceTitle, Description, when_done, user) VALUES ('Ace Electrical', 11, '4', 'HVAC', 'Clean Carpets', 'Completed maintenance task.', '2026-05-01', 'admin');
INSERT INTO p_maintenance_log (contractor, PropertyId, UnitName, Category, MaintenanceTitle, Description, when_done, user) VALUES ('Ace Electrical', 45, '6', 'HVAC', 'Paint Walls', 'Completed maintenance task.', '2026-05-01', 'admin');
INSERT INTO p_maintenance_log (contractor, PropertyId, UnitName, Category, MaintenanceTitle, Description, when_done, user) VALUES ('Pro Cleaners', 15, '8', 'Plumbing', 'Repair HVAC', 'Completed maintenance task.', '2026-05-01', 'admin');
INSERT INTO p_maintenance_log (contractor, PropertyId, UnitName, Category, MaintenanceTitle, Description, when_done, user) VALUES ('Bobs Plumbing', 9, '4', 'Electrical', 'Paint Walls', 'Completed maintenance task.', '2026-05-01', 'admin');
INSERT INTO p_maintenance_log (contractor, PropertyId, UnitName, Category, MaintenanceTitle, Description, when_done, user) VALUES ('Ace Electrical', 2, '8', 'Electrical', 'Clean Carpets', 'Completed maintenance task.', '2026-05-01', 'admin');
INSERT INTO p_maintenance_log (contractor, PropertyId, UnitName, Category, MaintenanceTitle, Description, when_done, user) VALUES ('Bobs Plumbing', 26, '5', 'Electrical', 'Fix Leaking Pipe', 'Completed maintenance task.', '2026-05-01', 'admin');
INSERT INTO p_maintenance_log (contractor, PropertyId, UnitName, Category, MaintenanceTitle, Description, when_done, user) VALUES ('Ace Electrical', 14, '2', 'Plumbing', 'Replace Light Fixture', 'Completed maintenance task.', '2026-05-01', 'admin');
INSERT INTO p_maintenance_log (contractor, PropertyId, UnitName, Category, MaintenanceTitle, Description, when_done, user) VALUES ('Pro Cleaners', 42, '5', 'Plumbing', 'Repair HVAC', 'Completed maintenance task.', '2026-05-01', 'admin');
INSERT INTO p_maintenance_log (contractor, PropertyId, UnitName, Category, MaintenanceTitle, Description, when_done, user) VALUES ('Roof Masters', 40, '8', 'HVAC', 'Paint Walls', 'Completed maintenance task.', '2026-05-01', 'admin');
INSERT INTO p_maintenance_log (contractor, PropertyId, UnitName, Category, MaintenanceTitle, Description, when_done, user) VALUES ('Pro Cleaners', 23, '5', 'General', 'Fix Broken Window', 'Completed maintenance task.', '2026-05-01', 'admin');
INSERT INTO p_maintenance_log (contractor, PropertyId, UnitName, Category, MaintenanceTitle, Description, when_done, user) VALUES ('Speedy Maintenance', 1, '10', 'General', 'Replace Light Fixture', 'Completed maintenance task.', '2026-05-01', 'admin');
INSERT INTO p_maintenance_log (contractor, PropertyId, UnitName, Category, MaintenanceTitle, Description, when_done, user) VALUES ('Roof Masters', 34, '5', 'Electrical', 'Fix Broken Window', 'Completed maintenance task.', '2026-05-01', 'admin');
INSERT INTO p_maintenance_log (contractor, PropertyId, UnitName, Category, MaintenanceTitle, Description, when_done, user) VALUES ('Roof Masters', 27, '9', 'Electrical', 'Replace Light Fixture', 'Completed maintenance task.', '2026-05-01', 'admin');
INSERT INTO p_maintenance_log (contractor, PropertyId, UnitName, Category, MaintenanceTitle, Description, when_done, user) VALUES ('Ace Electrical', 22, '2', 'Plumbing', 'Replace Light Fixture', 'Completed maintenance task.', '2026-05-01', 'admin');
INSERT INTO p_maintenance_log (contractor, PropertyId, UnitName, Category, MaintenanceTitle, Description, when_done, user) VALUES ('Roof Masters', 32, '10', 'General', 'Clean Carpets', 'Completed maintenance task.', '2026-05-01', 'admin');
INSERT INTO p_maintenance_log (contractor, PropertyId, UnitName, Category, MaintenanceTitle, Description, when_done, user) VALUES ('Bobs Plumbing', 26, '6', 'General', 'Fix Leaking Pipe', 'Completed maintenance task.', '2026-05-01', 'admin');
INSERT INTO p_maintenance_log (contractor, PropertyId, UnitName, Category, MaintenanceTitle, Description, when_done, user) VALUES ('Roof Masters', 34, '8', 'Plumbing', 'Fix Broken Window', 'Completed maintenance task.', '2026-05-01', 'admin');
INSERT INTO p_maintenance_log (contractor, PropertyId, UnitName, Category, MaintenanceTitle, Description, when_done, user) VALUES ('Speedy Maintenance', 30, '6', 'Plumbing', 'Clean Carpets', 'Completed maintenance task.', '2026-05-01', 'admin');
INSERT INTO p_maintenance_log (contractor, PropertyId, UnitName, Category, MaintenanceTitle, Description, when_done, user) VALUES ('Roof Masters', 39, '4', 'General', 'Repair HVAC', 'Completed maintenance task.', '2026-05-01', 'admin');
INSERT INTO p_maintenance_log (contractor, PropertyId, UnitName, Category, MaintenanceTitle, Description, when_done, user) VALUES ('Roof Masters', 45, '7', 'HVAC', 'Fix Leaking Pipe', 'Completed maintenance task.', '2026-05-01', 'admin');
INSERT INTO p_maintenance_log (contractor, PropertyId, UnitName, Category, MaintenanceTitle, Description, when_done, user) VALUES ('Ace Electrical', 40, '3', 'Plumbing', 'Fix Leaking Pipe', 'Completed maintenance task.', '2026-05-01', 'admin');
INSERT INTO p_maintenance_log (contractor, PropertyId, UnitName, Category, MaintenanceTitle, Description, when_done, user) VALUES ('Pro Cleaners', 40, '2', 'HVAC', 'Repair HVAC', 'Completed maintenance task.', '2026-05-01', 'admin');
INSERT INTO p_maintenance_log (contractor, PropertyId, UnitName, Category, MaintenanceTitle, Description, when_done, user) VALUES ('Bobs Plumbing', 36, '3', 'HVAC', 'Repair HVAC', 'Completed maintenance task.', '2026-05-01', 'admin');
INSERT INTO p_maintenance_log (contractor, PropertyId, UnitName, Category, MaintenanceTitle, Description, when_done, user) VALUES ('Bobs Plumbing', 41, '3', 'HVAC', 'Fix Leaking Pipe', 'Completed maintenance task.', '2026-05-01', 'admin');
INSERT INTO p_maintenance_log (contractor, PropertyId, UnitName, Category, MaintenanceTitle, Description, when_done, user) VALUES ('Bobs Plumbing', 32, '4', 'HVAC', 'Replace Light Fixture', 'Completed maintenance task.', '2026-05-01', 'admin');
INSERT INTO p_maintenance_log (contractor, PropertyId, UnitName, Category, MaintenanceTitle, Description, when_done, user) VALUES ('Pro Cleaners', 48, '6', 'HVAC', 'Fix Broken Window', 'Completed maintenance task.', '2026-05-01', 'admin');
INSERT INTO p_maintenance_log (contractor, PropertyId, UnitName, Category, MaintenanceTitle, Description, when_done, user) VALUES ('Pro Cleaners', 46, '4', 'Electrical', 'Fix Leaking Pipe', 'Completed maintenance task.', '2026-05-01', 'admin');
INSERT INTO p_maintenance_log (contractor, PropertyId, UnitName, Category, MaintenanceTitle, Description, when_done, user) VALUES ('Speedy Maintenance', 47, '4', 'Plumbing', 'Fix Broken Window', 'Completed maintenance task.', '2026-05-01', 'admin');
INSERT INTO p_maintenance_log (contractor, PropertyId, UnitName, Category, MaintenanceTitle, Description, when_done, user) VALUES ('Pro Cleaners', 32, '9', 'Plumbing', 'Repair HVAC', 'Completed maintenance task.', '2026-05-01', 'admin');
INSERT INTO p_maintenance_log (contractor, PropertyId, UnitName, Category, MaintenanceTitle, Description, when_done, user) VALUES ('Pro Cleaners', 23, '7', 'HVAC', 'Fix Broken Window', 'Completed maintenance task.', '2026-05-01', 'admin');
INSERT INTO p_maintenance_log (contractor, PropertyId, UnitName, Category, MaintenanceTitle, Description, when_done, user) VALUES ('Pro Cleaners', 44, '9', 'General', 'Fix Broken Window', 'Completed maintenance task.', '2026-05-01', 'admin');
INSERT INTO p_maintenance_log (contractor, PropertyId, UnitName, Category, MaintenanceTitle, Description, when_done, user) VALUES ('Speedy Maintenance', 23, '7', 'General', 'Replace Light Fixture', 'Completed maintenance task.', '2026-05-01', 'admin');
INSERT INTO p_maintenance_log (contractor, PropertyId, UnitName, Category, MaintenanceTitle, Description, when_done, user) VALUES ('Ace Electrical', 12, '10', 'Electrical', 'Paint Walls', 'Completed maintenance task.', '2026-05-01', 'admin');
INSERT INTO p_maintenance_log (contractor, PropertyId, UnitName, Category, MaintenanceTitle, Description, when_done, user) VALUES ('Roof Masters', 21, '5', 'Plumbing', 'Repair HVAC', 'Completed maintenance task.', '2026-05-01', 'admin');
INSERT INTO p_maintenance_log (contractor, PropertyId, UnitName, Category, MaintenanceTitle, Description, when_done, user) VALUES ('Bobs Plumbing', 15, '1', 'Electrical', 'Fix Leaking Pipe', 'Completed maintenance task.', '2026-05-01', 'admin');
INSERT INTO p_maintenance_log (contractor, PropertyId, UnitName, Category, MaintenanceTitle, Description, when_done, user) VALUES ('Roof Masters', 7, '4', 'General', 'Paint Walls', 'Completed maintenance task.', '2026-05-01', 'admin');
INSERT INTO p_maintenance_log (contractor, PropertyId, UnitName, Category, MaintenanceTitle, Description, when_done, user) VALUES ('Pro Cleaners', 33, '5', 'General', 'Replace Light Fixture', 'Completed maintenance task.', '2026-05-01', 'admin');
INSERT INTO p_maintenance_log (contractor, PropertyId, UnitName, Category, MaintenanceTitle, Description, when_done, user) VALUES ('Pro Cleaners', 4, '5', 'HVAC', 'Repair HVAC', 'Completed maintenance task.', '2026-05-01', 'admin');
INSERT INTO p_maintenance_log (contractor, PropertyId, UnitName, Category, MaintenanceTitle, Description, when_done, user) VALUES ('Ace Electrical', 13, '6', 'Electrical', 'Replace Light Fixture', 'Completed maintenance task.', '2026-05-01', 'admin');
INSERT INTO p_maintenance_log (contractor, PropertyId, UnitName, Category, MaintenanceTitle, Description, when_done, user) VALUES ('Roof Masters', 21, '6', 'Plumbing', 'Replace Light Fixture', 'Completed maintenance task.', '2026-05-01', 'admin');
INSERT INTO p_maintenance_log (contractor, PropertyId, UnitName, Category, MaintenanceTitle, Description, when_done, user) VALUES ('Bobs Plumbing', 4, '9', 'General', 'Fix Broken Window', 'Completed maintenance task.', '2026-05-01', 'admin');
INSERT INTO p_maintenance_log (contractor, PropertyId, UnitName, Category, MaintenanceTitle, Description, when_done, user) VALUES ('Bobs Plumbing', 37, '4', 'Electrical', 'Repair HVAC', 'Completed maintenance task.', '2026-05-01', 'admin');
INSERT INTO p_maintenance_log (contractor, PropertyId, UnitName, Category, MaintenanceTitle, Description, when_done, user) VALUES ('Bobs Plumbing', 24, '7', 'HVAC', 'Paint Walls', 'Completed maintenance task.', '2026-05-01', 'admin');
INSERT INTO p_maintenance_log (contractor, PropertyId, UnitName, Category, MaintenanceTitle, Description, when_done, user) VALUES ('Ace Electrical', 50, '2', 'General', 'Fix Broken Window', 'Completed maintenance task.', '2026-05-01', 'admin');
INSERT INTO p_maintenance_log (contractor, PropertyId, UnitName, Category, MaintenanceTitle, Description, when_done, user) VALUES ('Bobs Plumbing', 17, '9', 'Electrical', 'Clean Carpets', 'Completed maintenance task.', '2026-05-01', 'admin');
INSERT INTO p_maintenance_log (contractor, PropertyId, UnitName, Category, MaintenanceTitle, Description, when_done, user) VALUES ('Bobs Plumbing', 14, '10', 'HVAC', 'Replace Light Fixture', 'Completed maintenance task.', '2026-05-01', 'admin');
INSERT INTO p_maintenance_log (contractor, PropertyId, UnitName, Category, MaintenanceTitle, Description, when_done, user) VALUES ('Pro Cleaners', 48, '6', 'General', 'Fix Leaking Pipe', 'Completed maintenance task.', '2026-05-01', 'admin');
INSERT INTO p_maintenance_log (contractor, PropertyId, UnitName, Category, MaintenanceTitle, Description, when_done, user) VALUES ('Bobs Plumbing', 35, '3', 'Plumbing', 'Repair HVAC', 'Completed maintenance task.', '2026-05-01', 'admin');
INSERT INTO p_maintenance_log (contractor, PropertyId, UnitName, Category, MaintenanceTitle, Description, when_done, user) VALUES ('Roof Masters', 4, '2', 'HVAC', 'Fix Broken Window', 'Completed maintenance task.', '2026-05-01', 'admin');
INSERT INTO p_maintenance_log (contractor, PropertyId, UnitName, Category, MaintenanceTitle, Description, when_done, user) VALUES ('Ace Electrical', 47, '1', 'Plumbing', 'Paint Walls', 'Completed maintenance task.', '2026-05-01', 'admin');
INSERT INTO p_maintenance_log (contractor, PropertyId, UnitName, Category, MaintenanceTitle, Description, when_done, user) VALUES ('Ace Electrical', 30, '4', 'HVAC', 'Fix Leaking Pipe', 'Completed maintenance task.', '2026-05-01', 'admin');
INSERT INTO p_maintenance_log (contractor, PropertyId, UnitName, Category, MaintenanceTitle, Description, when_done, user) VALUES ('Ace Electrical', 35, '7', 'Plumbing', 'Clean Carpets', 'Completed maintenance task.', '2026-05-01', 'admin');
INSERT INTO p_maintenance_log (contractor, PropertyId, UnitName, Category, MaintenanceTitle, Description, when_done, user) VALUES ('Roof Masters', 1, '1', 'Plumbing', 'Replace Light Fixture', 'Completed maintenance task.', '2026-05-01', 'admin');
INSERT INTO p_maintenance_log (contractor, PropertyId, UnitName, Category, MaintenanceTitle, Description, when_done, user) VALUES ('Speedy Maintenance', 7, '8', 'Electrical', 'Replace Light Fixture', 'Completed maintenance task.', '2026-05-01', 'admin');
INSERT INTO p_maintenance_log (contractor, PropertyId, UnitName, Category, MaintenanceTitle, Description, when_done, user) VALUES ('Pro Cleaners', 17, '10', 'HVAC', 'Replace Light Fixture', 'Completed maintenance task.', '2026-05-01', 'admin');
INSERT INTO p_maintenance_log (contractor, PropertyId, UnitName, Category, MaintenanceTitle, Description, when_done, user) VALUES ('Pro Cleaners', 17, '2', 'HVAC', 'Repair HVAC', 'Completed maintenance task.', '2026-05-01', 'admin');
INSERT INTO p_maintenance_log (contractor, PropertyId, UnitName, Category, MaintenanceTitle, Description, when_done, user) VALUES ('Pro Cleaners', 5, '4', 'HVAC', 'Fix Broken Window', 'Completed maintenance task.', '2026-05-01', 'admin');
INSERT INTO p_maintenance_log (contractor, PropertyId, UnitName, Category, MaintenanceTitle, Description, when_done, user) VALUES ('Roof Masters', 41, '1', 'Electrical', 'Replace Light Fixture', 'Completed maintenance task.', '2026-05-01', 'admin');
INSERT INTO p_maintenance_log (contractor, PropertyId, UnitName, Category, MaintenanceTitle, Description, when_done, user) VALUES ('Pro Cleaners', 2, '1', 'Electrical', 'Fix Broken Window', 'Completed maintenance task.', '2026-05-01', 'admin');
INSERT INTO p_maintenance_log (contractor, PropertyId, UnitName, Category, MaintenanceTitle, Description, when_done, user) VALUES ('Bobs Plumbing', 22, '4', 'Electrical', 'Paint Walls', 'Completed maintenance task.', '2026-05-01', 'admin');
INSERT INTO p_maintenance_log (contractor, PropertyId, UnitName, Category, MaintenanceTitle, Description, when_done, user) VALUES ('Roof Masters', 1, '5', 'General', 'Fix Broken Window', 'Completed maintenance task.', '2026-05-01', 'admin');
INSERT INTO p_maintenance_log (contractor, PropertyId, UnitName, Category, MaintenanceTitle, Description, when_done, user) VALUES ('Ace Electrical', 2, '7', 'HVAC', 'Replace Light Fixture', 'Completed maintenance task.', '2026-05-01', 'admin');
INSERT INTO p_maintenance_log (contractor, PropertyId, UnitName, Category, MaintenanceTitle, Description, when_done, user) VALUES ('Bobs Plumbing', 46, '4', 'Electrical', 'Fix Leaking Pipe', 'Completed maintenance task.', '2026-05-01', 'admin');
INSERT INTO p_maintenance_log (contractor, PropertyId, UnitName, Category, MaintenanceTitle, Description, when_done, user) VALUES ('Pro Cleaners', 11, '1', 'General', 'Repair HVAC', 'Completed maintenance task.', '2026-05-01', 'admin');
INSERT INTO p_maintenance_log (contractor, PropertyId, UnitName, Category, MaintenanceTitle, Description, when_done, user) VALUES ('Pro Cleaners', 31, '5', 'HVAC', 'Repair HVAC', 'Completed maintenance task.', '2026-05-01', 'admin');
INSERT INTO p_maintenance_log (contractor, PropertyId, UnitName, Category, MaintenanceTitle, Description, when_done, user) VALUES ('Roof Masters', 32, '1', 'Plumbing', 'Replace Light Fixture', 'Completed maintenance task.', '2026-05-01', 'admin');
INSERT INTO p_maintenance_log (contractor, PropertyId, UnitName, Category, MaintenanceTitle, Description, when_done, user) VALUES ('Bobs Plumbing', 8, '8', 'Electrical', 'Replace Light Fixture', 'Completed maintenance task.', '2026-05-01', 'admin');
INSERT INTO p_maintenance_log (contractor, PropertyId, UnitName, Category, MaintenanceTitle, Description, when_done, user) VALUES ('Speedy Maintenance', 13, '9', 'Electrical', 'Clean Carpets', 'Completed maintenance task.', '2026-05-01', 'admin');
INSERT INTO p_maintenance_log (contractor, PropertyId, UnitName, Category, MaintenanceTitle, Description, when_done, user) VALUES ('Bobs Plumbing', 20, '10', 'Electrical', 'Clean Carpets', 'Completed maintenance task.', '2026-05-01', 'admin');
INSERT INTO p_maintenance_log (contractor, PropertyId, UnitName, Category, MaintenanceTitle, Description, when_done, user) VALUES ('Roof Masters', 18, '8', 'General', 'Replace Light Fixture', 'Completed maintenance task.', '2026-05-01', 'admin');
INSERT INTO p_maintenance_log (contractor, PropertyId, UnitName, Category, MaintenanceTitle, Description, when_done, user) VALUES ('Ace Electrical', 36, '3', 'Electrical', 'Repair HVAC', 'Completed maintenance task.', '2026-05-01', 'admin');
INSERT INTO p_maintenance_log (contractor, PropertyId, UnitName, Category, MaintenanceTitle, Description, when_done, user) VALUES ('Bobs Plumbing', 27, '2', 'General', 'Fix Broken Window', 'Completed maintenance task.', '2026-05-01', 'admin');
INSERT INTO p_maintenance_log (contractor, PropertyId, UnitName, Category, MaintenanceTitle, Description, when_done, user) VALUES ('Speedy Maintenance', 8, '8', 'Plumbing', 'Fix Leaking Pipe', 'Completed maintenance task.', '2026-05-01', 'admin');
INSERT INTO p_maintenance_log (contractor, PropertyId, UnitName, Category, MaintenanceTitle, Description, when_done, user) VALUES ('Roof Masters', 17, '7', 'Plumbing', 'Clean Carpets', 'Completed maintenance task.', '2026-05-01', 'admin');
INSERT INTO p_maintenance_log (contractor, PropertyId, UnitName, Category, MaintenanceTitle, Description, when_done, user) VALUES ('Ace Electrical', 45, '2', 'Plumbing', 'Paint Walls', 'Completed maintenance task.', '2026-05-01', 'admin');
INSERT INTO p_maintenance_log (contractor, PropertyId, UnitName, Category, MaintenanceTitle, Description, when_done, user) VALUES ('Roof Masters', 48, '2', 'General', 'Replace Light Fixture', 'Completed maintenance task.', '2026-05-01', 'admin');
INSERT INTO p_maintenance_log (contractor, PropertyId, UnitName, Category, MaintenanceTitle, Description, when_done, user) VALUES ('Bobs Plumbing', 50, '7', 'HVAC', 'Fix Broken Window', 'Completed maintenance task.', '2026-05-01', 'admin');
INSERT INTO p_maintenance_log (contractor, PropertyId, UnitName, Category, MaintenanceTitle, Description, when_done, user) VALUES ('Bobs Plumbing', 48, '6', 'General', 'Repair HVAC', 'Completed maintenance task.', '2026-05-01', 'admin');
INSERT INTO p_maintenance_log (contractor, PropertyId, UnitName, Category, MaintenanceTitle, Description, when_done, user) VALUES ('Roof Masters', 33, '10', 'Plumbing', 'Clean Carpets', 'Completed maintenance task.', '2026-05-01', 'admin');
INSERT INTO p_maintenance_log (contractor, PropertyId, UnitName, Category, MaintenanceTitle, Description, when_done, user) VALUES ('Speedy Maintenance', 41, '1', 'Plumbing', 'Fix Leaking Pipe', 'Completed maintenance task.', '2026-05-01', 'admin');
INSERT INTO p_maintenance_log (contractor, PropertyId, UnitName, Category, MaintenanceTitle, Description, when_done, user) VALUES ('Roof Masters', 19, '10', 'Plumbing', 'Replace Light Fixture', 'Completed maintenance task.', '2026-05-01', 'admin');
INSERT INTO p_maintenance_log (contractor, PropertyId, UnitName, Category, MaintenanceTitle, Description, when_done, user) VALUES ('Pro Cleaners', 30, '5', 'General', 'Clean Carpets', 'Completed maintenance task.', '2026-05-01', 'admin');
INSERT INTO p_maintenance_log (contractor, PropertyId, UnitName, Category, MaintenanceTitle, Description, when_done, user) VALUES ('Speedy Maintenance', 14, '3', 'Electrical', 'Fix Leaking Pipe', 'Completed maintenance task.', '2026-05-01', 'admin');
INSERT INTO p_maintenance_log (contractor, PropertyId, UnitName, Category, MaintenanceTitle, Description, when_done, user) VALUES ('Bobs Plumbing', 5, '8', 'Electrical', 'Fix Leaking Pipe', 'Completed maintenance task.', '2026-05-01', 'admin');
INSERT INTO p_maintenance_log (contractor, PropertyId, UnitName, Category, MaintenanceTitle, Description, when_done, user) VALUES ('Speedy Maintenance', 7, '6', 'General', 'Replace Light Fixture', 'Completed maintenance task.', '2026-05-01', 'admin');
INSERT INTO p_maintenance_log (contractor, PropertyId, UnitName, Category, MaintenanceTitle, Description, when_done, user) VALUES ('Roof Masters', 17, '10', 'HVAC', 'Repair HVAC', 'Completed maintenance task.', '2026-05-01', 'admin');
INSERT INTO p_maintenance_log (contractor, PropertyId, UnitName, Category, MaintenanceTitle, Description, when_done, user) VALUES ('Ace Electrical', 45, '3', 'Electrical', 'Repair HVAC', 'Completed maintenance task.', '2026-05-01', 'admin');
INSERT INTO p_maintenance_log (contractor, PropertyId, UnitName, Category, MaintenanceTitle, Description, when_done, user) VALUES ('Roof Masters', 7, '7', 'General', 'Paint Walls', 'Completed maintenance task.', '2026-05-01', 'admin');
INSERT INTO p_maintenance_log (contractor, PropertyId, UnitName, Category, MaintenanceTitle, Description, when_done, user) VALUES ('Roof Masters', 32, '10', 'HVAC', 'Clean Carpets', 'Completed maintenance task.', '2026-05-01', 'admin');
INSERT INTO p_maintenance_log (contractor, PropertyId, UnitName, Category, MaintenanceTitle, Description, when_done, user) VALUES ('Speedy Maintenance', 15, '4', 'HVAC', 'Fix Broken Window', 'Completed maintenance task.', '2026-05-01', 'admin');
INSERT INTO p_maintenance_log (contractor, PropertyId, UnitName, Category, MaintenanceTitle, Description, when_done, user) VALUES ('Ace Electrical', 37, '1', 'Plumbing', 'Fix Leaking Pipe', 'Completed maintenance task.', '2026-05-01', 'admin');
INSERT INTO p_maintenance_log (contractor, PropertyId, UnitName, Category, MaintenanceTitle, Description, when_done, user) VALUES ('Pro Cleaners', 2, '2', 'Plumbing', 'Fix Broken Window', 'Completed maintenance task.', '2026-05-01', 'admin');
INSERT INTO p_maintenance_log (contractor, PropertyId, UnitName, Category, MaintenanceTitle, Description, when_done, user) VALUES ('Pro Cleaners', 19, '5', 'Electrical', 'Replace Light Fixture', 'Completed maintenance task.', '2026-05-01', 'admin');
INSERT INTO p_maintenance_log (contractor, PropertyId, UnitName, Category, MaintenanceTitle, Description, when_done, user) VALUES ('Speedy Maintenance', 20, '6', 'General', 'Fix Leaking Pipe', 'Completed maintenance task.', '2026-05-01', 'admin');
INSERT INTO p_maintenance_log (contractor, PropertyId, UnitName, Category, MaintenanceTitle, Description, when_done, user) VALUES ('Bobs Plumbing', 17, '9', 'General', 'Fix Broken Window', 'Completed maintenance task.', '2026-05-01', 'admin');
INSERT INTO p_maintenance_log (contractor, PropertyId, UnitName, Category, MaintenanceTitle, Description, when_done, user) VALUES ('Speedy Maintenance', 47, '6', 'Electrical', 'Repair HVAC', 'Completed maintenance task.', '2026-05-01', 'admin');
INSERT INTO p_maintenance_log (contractor, PropertyId, UnitName, Category, MaintenanceTitle, Description, when_done, user) VALUES ('Pro Cleaners', 30, '7', 'Plumbing', 'Paint Walls', 'Completed maintenance task.', '2026-05-01', 'admin');
INSERT INTO p_maintenance_log (contractor, PropertyId, UnitName, Category, MaintenanceTitle, Description, when_done, user) VALUES ('Bobs Plumbing', 5, '3', 'Plumbing', 'Paint Walls', 'Completed maintenance task.', '2026-05-01', 'admin');
INSERT INTO p_maintenance_log (contractor, PropertyId, UnitName, Category, MaintenanceTitle, Description, when_done, user) VALUES ('Pro Cleaners', 24, '7', 'General', 'Repair HVAC', 'Completed maintenance task.', '2026-05-01', 'admin');
INSERT INTO p_maintenance_log (contractor, PropertyId, UnitName, Category, MaintenanceTitle, Description, when_done, user) VALUES ('Roof Masters', 8, '6', 'Plumbing', 'Paint Walls', 'Completed maintenance task.', '2026-05-01', 'admin');
INSERT INTO p_maintenance_log (contractor, PropertyId, UnitName, Category, MaintenanceTitle, Description, when_done, user) VALUES ('Roof Masters', 7, '9', 'Electrical', 'Paint Walls', 'Completed maintenance task.', '2026-05-01', 'admin');
INSERT INTO p_maintenance_log (contractor, PropertyId, UnitName, Category, MaintenanceTitle, Description, when_done, user) VALUES ('Roof Masters', 38, '9', 'Plumbing', 'Paint Walls', 'Completed maintenance task.', '2026-05-01', 'admin');
INSERT INTO p_maintenance_log (contractor, PropertyId, UnitName, Category, MaintenanceTitle, Description, when_done, user) VALUES ('Bobs Plumbing', 30, '10', 'Electrical', 'Paint Walls', 'Completed maintenance task.', '2026-05-01', 'admin');
INSERT INTO p_maintenance_log (contractor, PropertyId, UnitName, Category, MaintenanceTitle, Description, when_done, user) VALUES ('Ace Electrical', 35, '7', 'Electrical', 'Paint Walls', 'Completed maintenance task.', '2026-05-01', 'admin');